################################################################################,,,,,,,,,,,,,,,,,,,,,,,,,,,,,,,,,,,,,,,,,,,,,,,,,,,,,,,,,,,,,,,,,,,,,,,,,,,,,,,,,,,,,,,,,,,,,,,,,,,,,,,,,,,,,,,,,,,,,,,,,,,,,,,
# Collectl:   V4.3.1-1  HiRes: 1  Options: -sCDnfM -omT --dskopts z --cpuopts z -i 1 --sep , -P -f export/collectl --procfilt P p ,,,,,,,,,,,,,,,,,,,,,,,,,,,,,,,,,,,,,,,,,,,,,,,,,,,,,,,,,,,,,,,,,,,,,,,,,,,,,,,,,,,,,,,,,,,,,,,,,,,,,,,,,,,,,,,,,,,,,,,,,,,,,,
# Host:       comp01  DaemonOpts: ,,,,,,,,,,,,,,,,,,,,,,,,,,,,,,,,,,,,,,,,,,,,,,,,,,,,,,,,,,,,,,,,,,,,,,,,,,,,,,,,,,,,,,,,,,,,,,,,,,,,,,,,,,,,,,,,,,,,,,,,,,,,,,,
# Booted:     1584025542.11 [20200312-11:05:42],,,,,,,,,,,,,,,,,,,,,,,,,,,,,,,,,,,,,,,,,,,,,,,,,,,,,,,,,,,,,,,,,,,,,,,,,,,,,,,,,,,,,,,,,,,,,,,,,,,,,,,,,,,,,,,,,,,,,,,,,,,,,,,
# Distro:     CentOS Linux release 8.1.1911 (Core)   Platform: ,,,,,,,,,,,,,,,,,,,,,,,,,,,,,,,,,,,,,,,,,,,,,,,,,,,,,,,,,,,,,,,,,,,,,,,,,,,,,,,,,,,,,,,,,,,,,,,,,,,,,,,,,,,,,,,,,,,,,,,,,,,,,,,
# Date:       20200422-224835  Secs: 1587610115 TZ: -0400,,,,,,,,,,,,,,,,,,,,,,,,,,,,,,,,,,,,,,,,,,,,,,,,,,,,,,,,,,,,,,,,,,,,,,,,,,,,,,,,,,,,,,,,,,,,,,,,,,,,,,,,,,,,,,,,,,,,,,,,,,,,,,,
# SubSys:     CDnfM Options: mT Interval: 1 NumCPUs: 64 [HYPER] NumBud: 0 Flags: i,,,,,,,,,,,,,,,,,,,,,,,,,,,,,,,,,,,,,,,,,,,,,,,,,,,,,,,,,,,,,,,,,,,,,,,,,,,,,,,,,,,,,,,,,,,,,,,,,,,,,,,,,,,,,,,,,,,,,,,,,,,,,,,
# Filters:    NfsFilt:  EnvFilt:  TcpFilt: ituc,,,,,,,,,,,,,,,,,,,,,,,,,,,,,,,,,,,,,,,,,,,,,,,,,,,,,,,,,,,,,,,,,,,,,,,,,,,,,,,,,,,,,,,,,,,,,,,,,,,,,,,,,,,,,,,,,,,,,,,,,,,,,,,
# HZ:         100  Arch: x86_64-linux-thread-multi PageSize: 4096,,,,,,,,,,,,,,,,,,,,,,,,,,,,,,,,,,,,,,,,,,,,,,,,,,,,,,,,,,,,,,,,,,,,,,,,,,,,,,,,,,,,,,,,,,,,,,,,,,,,,,,,,,,,,,,,,,,,,,,,,,,,,,,
# Cpu:        GenuineIntel Speed(MHz): 1000.093 Cores: 16  Siblings: 32 Nodes: 2,,,,,,,,,,,,,,,,,,,,,,,,,,,,,,,,,,,,,,,,,,,,,,,,,,,,,,,,,,,,,,,,,,,,,,,,,,,,,,,,,,,,,,,,,,,,,,,,,,,,,,,,,,,,,,,,,,,,,,,,,,,,,,,
# Kernel:     4.18.0-147.5.1.el8_1.x86_64  Memory: 262288396 kB  Swap: 4194300 kB,,,,,,,,,,,,,,,,,,,,,,,,,,,,,,,,,,,,,,,,,,,,,,,,,,,,,,,,,,,,,,,,,,,,,,,,,,,,,,,,,,,,,,,,,,,,,,,,,,,,,,,,,,,,,,,,,,,,,,,,,,,,,,,
# NumDisks:   9 DiskNames: sda sdb sdc sdd sde sdf dm-0 dm-1 dm-2,,,,,,,,,,,,,,,,,,,,,,,,,,,,,,,,,,,,,,,,,,,,,,,,,,,,,,,,,,,,,,,,,,,,,,,,,,,,,,,,,,,,,,,,,,,,,,,,,,,,,,,,,,,,,,,,,,,,,,,,,,,,,,,
# NumNets:    4 NetNames: eno16:?? ens4f1:?? lo:?? ens4f0:25000,,,,,,,,,,,,,,,,,,,,,,,,,,,,,,,,,,,,,,,,,,,,,,,,,,,,,,,,,,,,,,,,,,,,,,,,,,,,,,,,,,,,,,,,,,,,,,,,,,,,,,,,,,,,,,,,,,,,,,,,,,,,,,,
# SCSI:       DA:2:00:00:00 DA:3:00:00:00 DA:4:00:00:00 DA:5:00:00:00 DA:6:00:00:00 DA:7:00:00:00,,,,,,,,,,,,,,,,,,,,,,,,,,,,,,,,,,,,,,,,,,,,,,,,,,,,,,,,,,,,,,,,,,,,,,,,,,,,,,,,,,,,,,,,,,,,,,,,,,,,,,,,,,,,,,,,,,,,,,,,,,,,,,,
################################################################################,,,,,,,,,,,,,,,,,,,,,,,,,,,,,,,,,,,,,,,,,,,,,,,,,,,,,,,,,,,,,,,,,,,,,,,,,,,,,,,,,,,,,,,,,,,,,,,,,,,,,,,,,,,,,,,,,,,,,,,,,,,,,,,
#Date,Time,[DSK:sda]Name,[DSK:sda]Reads,[DSK:sda]RMerge,[DSK:sda]RKBytes,[DSK:sda]WaitR,[DSK:sda]Writes,[DSK:sda]WMerge,[DSK:sda]WKBytes,[DSK:sda]WaitW,[DSK:sda]Request,[DSK:sda]QueLen,[DSK:sda]Wait,[DSK:sda]SvcTim,[DSK:sda]Util,[DSK:sdb]Name,[DSK:sdb]Reads,[DSK:sdb]RMerge,[DSK:sdb]RKBytes,[DSK:sdb]WaitR,[DSK:sdb]Writes,[DSK:sdb]WMerge,[DSK:sdb]WKBytes,[DSK:sdb]WaitW,[DSK:sdb]Request,[DSK:sdb]QueLen,[DSK:sdb]Wait,[DSK:sdb]SvcTim,[DSK:sdb]Util,[DSK:sdc]Name,[DSK:sdc]Reads,[DSK:sdc]RMerge,[DSK:sdc]RKBytes,[DSK:sdc]WaitR,[DSK:sdc]Writes,[DSK:sdc]WMerge,[DSK:sdc]WKBytes,[DSK:sdc]WaitW,[DSK:sdc]Request,[DSK:sdc]QueLen,[DSK:sdc]Wait,[DSK:sdc]SvcTim,[DSK:sdc]Util,[DSK:sdd]Name,[DSK:sdd]Reads,[DSK:sdd]RMerge,[DSK:sdd]RKBytes,[DSK:sdd]WaitR,[DSK:sdd]Writes,[DSK:sdd]WMerge,[DSK:sdd]WKBytes,[DSK:sdd]WaitW,[DSK:sdd]Request,[DSK:sdd]QueLen,[DSK:sdd]Wait,[DSK:sdd]SvcTim,[DSK:sdd]Util,[DSK:sde]Name,[DSK:sde]Reads,[DSK:sde]RMerge,[DSK:sde]RKBytes,[DSK:sde]WaitR,[DSK:sde]Writes,[DSK:sde]WMerge,[DSK:sde]WKBytes,[DSK:sde]WaitW,[DSK:sde]Request,[DSK:sde]QueLen,[DSK:sde]Wait,[DSK:sde]SvcTim,[DSK:sde]Util,[DSK:sdf]Name,[DSK:sdf]Reads,[DSK:sdf]RMerge,[DSK:sdf]RKBytes,[DSK:sdf]WaitR,[DSK:sdf]Writes,[DSK:sdf]WMerge,[DSK:sdf]WKBytes,[DSK:sdf]WaitW,[DSK:sdf]Request,[DSK:sdf]QueLen,[DSK:sdf]Wait,[DSK:sdf]SvcTim,[DSK:sdf]Util,[DSK:dm-0]Name,[DSK:dm-0]Reads,[DSK:dm-0]RMerge,[DSK:dm-0]RKBytes,[DSK:dm-0]WaitR,[DSK:dm-0]Writes,[DSK:dm-0]WMerge,[DSK:dm-0]WKBytes,[DSK:dm-0]WaitW,[DSK:dm-0]Request,[DSK:dm-0]QueLen,[DSK:dm-0]Wait,[DSK:dm-0]SvcTim,[DSK:dm-0]Util,[DSK:dm-1]Name,[DSK:dm-1]Reads,[DSK:dm-1]RMerge,[DSK:dm-1]RKBytes,[DSK:dm-1]WaitR,[DSK:dm-1]Writes,[DSK:dm-1]WMerge,[DSK:dm-1]WKBytes,[DSK:dm-1]WaitW,[DSK:dm-1]Request,[DSK:dm-1]QueLen,[DSK:dm-1]Wait,[DSK:dm-1]SvcTim,[DSK:dm-1]Util,[DSK:dm-2]Name,[DSK:dm-2]Reads,[DSK:dm-2]RMerge,[DSK:dm-2]RKBytes,[DSK:dm-2]WaitR,[DSK:dm-2]Writes,[DSK:dm-2]WMerge,[DSK:dm-2]WKBytes,[DSK:dm-2]WaitW,[DSK:dm-2]Request,[DSK:dm-2]QueLen,[DSK:dm-2]Wait,[DSK:dm-2]SvcTim,[DSK:dm-2]Util
20200422,48:37.0,sda,487,0,498432,13,0,0,0,0,1023,12,13,1,54,sdb,0,0,0,0,0,0,0,0,0,0,0,0,0,sdc,0,0,0,0,0,0,0,0,0,0,0,0,0,sdd,0,0,0,0,0,0,0,0,0,0,0,0,0,sde,0,0,0,0,0,0,0,0,0,0,0,0,0,sdf,0,0,0,0,0,0,0,0,0,0,0,0,0,dm-0,0,0,0,0,0,0,0,0,0,0,0,0,0,dm-1,0,0,0,0,0,0,0,0,0,0,0,0,0,dm-2,488,0,499712,13,0,0,0,0,1024,12,13,1,54
20200422,48:38.0,sda,488,0,499712,13,0,0,0,0,1024,11,13,1,54,sdb,0,0,0,0,0,0,0,0,0,0,0,0,0,sdc,0,0,0,0,0,0,0,0,0,0,0,0,0,sdd,0,0,0,0,0,0,0,0,0,0,0,0,0,sde,0,0,0,0,0,0,0,0,0,0,0,0,0,sdf,0,0,0,0,0,0,0,0,0,0,0,0,0,dm-0,0,0,0,0,0,0,0,0,0,0,0,0,0,dm-1,0,0,0,0,0,0,0,0,0,0,0,0,0,dm-2,488,0,499712,13,0,0,0,0,1024,12,13,1,54
20200422,48:39.0,sda,442,0,452608,14,45,0,46336,15,1025,13,14,1,51,sdb,0,0,0,0,0,0,0,0,0,0,0,0,0,sdc,0,0,0,0,0,0,0,0,0,0,0,0,0,sdd,0,0,0,0,0,0,0,0,0,0,0,0,0,sde,0,0,0,0,0,0,0,0,0,0,0,0,0,sdf,0,0,0,0,0,0,0,0,0,0,0,0,0,dm-0,0,0,0,0,0,0,0,0,0,0,0,0,0,dm-1,0,0,0,0,0,0,0,0,0,0,0,0,0,dm-2,440,0,450560,14,47,0,48384,19,1025,14,15,1,52
20200422,48:40.0,sda,475,0,486656,13,13,0,12532,10,1023,12,13,1,51,sdb,0,0,0,0,0,0,0,0,0,0,0,0,0,sdc,0,0,0,0,0,0,0,0,0,0,0,0,0,sdd,0,0,0,0,0,0,0,0,0,0,0,0,0,sde,0,0,0,0,0,0,0,0,0,0,0,0,0,sdf,0,0,0,0,0,0,0,0,0,0,0,0,0,dm-0,0,0,0,0,0,0,0,0,0,0,0,0,0,dm-1,0,0,0,0,0,0,0,0,0,0,0,0,0,dm-2,476,0,487424,13,11,0,10484,24,1022,13,13,1,51
20200422,48:41.0,sda,487,0,498432,13,0,0,0,0,1023,11,13,1,54,sdb,0,0,0,0,0,0,0,0,0,0,0,0,0,sdc,0,0,0,0,0,0,0,0,0,0,0,0,0,sdd,0,0,0,0,0,0,0,0,0,0,0,0,0,sde,0,0,0,0,0,0,0,0,0,0,0,0,0,sdf,0,0,0,0,0,0,0,0,0,0,0,0,0,dm-0,0,0,0,0,0,0,0,0,0,0,0,0,0,dm-1,0,0,0,0,0,0,0,0,0,0,0,0,0,dm-2,488,0,499712,13,0,0,0,0,1024,12,13,1,54
20200422,48:42.0,sda,488,0,499712,13,0,0,0,0,1024,11,13,1,56,sdb,0,0,0,0,0,0,0,0,0,0,0,0,0,sdc,0,0,0,0,0,0,0,0,0,0,0,0,0,sdd,0,0,0,0,0,0,0,0,0,0,0,0,0,sde,0,0,0,0,0,0,0,0,0,0,0,0,0,sdf,0,0,0,0,0,0,0,0,0,0,0,0,0,dm-0,0,0,0,0,0,0,0,0,0,0,0,0,0,dm-1,0,0,0,0,0,0,0,0,0,0,0,0,0,dm-2,488,0,499712,13,0,0,0,0,1024,12,13,1,55
20200422,48:43.0,sda,488,0,499712,13,2,0,8,8,1020,12,13,1,53,sdb,0,0,0,0,0,0,0,0,0,0,0,0,0,sdc,0,0,0,0,0,0,0,0,0,0,0,0,0,sdd,0,0,0,0,0,0,0,0,0,0,0,0,0,sde,0,0,0,0,0,0,0,0,0,0,0,0,0,sdf,0,0,0,0,0,0,0,0,0,0,0,0,0,dm-0,0,0,0,0,2,0,8,8,4,4,8,2,0,dm-1,0,0,0,0,0,0,0,0,0,0,0,0,0,dm-2,488,0,499712,13,0,0,0,0,1024,12,13,1,53
20200422,48:44.0,sda,488,0,499712,13,0,0,0,0,1024,12,13,1,53,sdb,0,0,0,0,0,0,0,0,0,0,0,0,0,sdc,0,0,0,0,0,0,0,0,0,0,0,0,0,sdd,0,0,0,0,0,0,0,0,0,0,0,0,0,sde,0,0,0,0,0,0,0,0,0,0,0,0,0,sdf,0,0,0,0,0,0,0,0,0,0,0,0,0,dm-0,0,0,0,0,0,0,0,0,0,0,0,0,0,dm-1,0,0,0,0,0,0,0,0,0,0,0,0,0,dm-2,488,0,499712,13,0,0,0,0,1024,12,13,1,53
20200422,48:45.0,sda,488,0,499712,13,0,0,0,0,1024,12,13,1,53,sdb,0,0,0,0,0,0,0,0,0,0,0,0,0,sdc,0,0,0,0,0,0,0,0,0,0,0,0,0,sdd,0,0,0,0,0,0,0,0,0,0,0,0,0,sde,0,0,0,0,0,0,0,0,0,0,0,0,0,sdf,0,0,0,0,0,0,0,0,0,0,0,0,0,dm-0,0,0,0,0,0,0,0,0,0,0,0,0,0,dm-1,0,0,0,0,0,0,0,0,0,0,0,0,0,dm-2,488,0,499712,13,0,0,0,0,1024,12,13,1,53
20200422,48:46.0,sda,488,0,499712,13,0,0,0,0,1024,11,13,1,54,sdb,0,0,0,0,0,0,0,0,0,0,0,0,0,sdc,0,0,0,0,0,0,0,0,0,0,0,0,0,sdd,0,0,0,0,0,0,0,0,0,0,0,0,0,sde,0,0,0,0,0,0,0,0,0,0,0,0,0,sdf,0,0,0,0,0,0,0,0,0,0,0,0,0,dm-0,0,0,0,0,0,0,0,0,0,0,0,0,0,dm-1,0,0,0,0,0,0,0,0,0,0,0,0,0,dm-2,488,0,499712,13,0,0,0,0,1024,12,13,1,54
20200422,48:47.0,sda,488,0,499712,13,0,0,0,0,1024,11,13,1,55,sdb,0,0,0,0,0,0,0,0,0,0,0,0,0,sdc,0,0,0,0,0,0,0,0,0,0,0,0,0,sdd,0,0,0,0,0,0,0,0,0,0,0,0,0,sde,0,0,0,0,0,0,0,0,0,0,0,0,0,sdf,0,0,0,0,0,0,0,0,0,0,0,0,0,dm-0,0,0,0,0,0,0,0,0,0,0,0,0,0,dm-1,0,0,0,0,0,0,0,0,0,0,0,0,0,dm-2,488,0,499712,13,0,0,0,0,1024,12,13,1,55
20200422,48:48.0,sda,488,0,499712,13,0,0,0,0,1024,11,13,1,55,sdb,0,0,0,0,0,0,0,0,0,0,0,0,0,sdc,0,0,0,0,0,0,0,0,0,0,0,0,0,sdd,0,0,0,0,0,0,0,0,0,0,0,0,0,sde,0,0,0,0,0,0,0,0,0,0,0,0,0,sdf,0,0,0,0,0,0,0,0,0,0,0,0,0,dm-0,0,0,0,0,0,0,0,0,0,0,0,0,0,dm-1,0,0,0,0,0,0,0,0,0,0,0,0,0,dm-2,488,0,499712,13,0,0,0,0,1024,12,13,1,55
20200422,48:49.0,sda,488,0,499712,13,0,0,0,0,1024,12,13,1,52,sdb,0,0,0,0,0,0,0,0,0,0,0,0,0,sdc,0,0,0,0,0,0,0,0,0,0,0,0,0,sdd,0,0,0,0,0,0,0,0,0,0,0,0,0,sde,0,0,0,0,0,0,0,0,0,0,0,0,0,sdf,0,0,0,0,0,0,0,0,0,0,0,0,0,dm-0,0,0,0,0,0,0,0,0,0,0,0,0,0,dm-1,0,0,0,0,0,0,0,0,0,0,0,0,0,dm-2,488,0,499712,13,0,0,0,0,1024,12,13,1,52
20200422,48:50.0,sda,489,0,499712,13,3,1,16,11,1016,12,13,1,53,sdb,0,0,0,0,0,0,0,0,0,0,0,0,0,sdc,0,0,0,0,0,0,0,0,0,0,0,0,0,sdd,0,0,0,0,0,0,0,0,0,0,0,0,0,sde,0,0,0,0,0,0,0,0,0,0,0,0,0,sdf,0,0,0,0,0,0,0,0,0,0,0,0,0,dm-0,0,0,0,0,0,0,0,0,0,0,0,0,0,dm-1,0,0,0,0,0,0,0,0,0,0,0,0,0,dm-2,485,0,495616,13,4,0,16,11,1014,12,13,1,53
20200422,48:51.0,sda,488,0,499712,13,0,0,0,0,1024,12,13,1,52,sdb,0,0,0,0,0,0,0,0,0,0,0,0,0,sdc,0,0,0,0,0,0,0,0,0,0,0,0,0,sdd,0,0,0,0,0,0,0,0,0,0,0,0,0,sde,0,0,0,0,0,0,0,0,0,0,0,0,0,sdf,0,0,0,0,0,0,0,0,0,0,0,0,0,dm-0,0,0,0,0,0,0,0,0,0,0,0,0,0,dm-1,0,0,0,0,0,0,0,0,0,0,0,0,0,dm-2,490,0,501760,13,0,0,0,0,1024,13,13,1,51
20200422,48:52.0,sda,488,0,499712,13,0,0,0,0,1024,11,13,1,56,sdb,0,0,0,0,0,0,0,0,0,0,0,0,0,sdc,0,0,0,0,0,0,0,0,0,0,0,0,0,sdd,0,0,0,0,0,0,0,0,0,0,0,0,0,sde,0,0,0,0,0,0,0,0,0,0,0,0,0,sdf,0,0,0,0,0,0,0,0,0,0,0,0,0,dm-0,0,0,0,0,0,0,0,0,0,0,0,0,0,dm-1,0,0,0,0,0,0,0,0,0,0,0,0,0,dm-2,490,0,501760,13,0,0,0,0,1024,11,13,1,56
20200422,48:53.0,sda,486,0,497664,13,0,0,0,0,1024,12,13,1,53,sdb,0,0,0,0,0,0,0,0,0,0,0,0,0,sdc,0,0,0,0,0,0,0,0,0,0,0,0,0,sdd,0,0,0,0,0,0,0,0,0,0,0,0,0,sde,0,0,0,0,0,0,0,0,0,0,0,0,0,sdf,0,0,0,0,0,0,0,0,0,0,0,0,0,dm-0,0,0,0,0,0,0,0,0,0,0,0,0,0,dm-1,0,0,0,0,0,0,0,0,0,0,0,0,0,dm-2,484,0,495616,13,0,0,0,0,1024,12,13,1,53
20200422,48:54.0,sda,490,0,501760,13,0,0,0,0,1024,12,13,1,54,sdb,0,0,0,0,0,0,0,0,0,0,0,0,0,sdc,0,0,0,0,0,0,0,0,0,0,0,0,0,sdd,0,0,0,0,0,0,0,0,0,0,0,0,0,sde,0,0,0,0,0,0,0,0,0,0,0,0,0,sdf,0,0,0,0,0,0,0,0,0,0,0,0,0,dm-0,0,0,0,0,0,0,0,0,0,0,0,0,0,dm-1,0,0,0,0,0,0,0,0,0,0,0,0,0,dm-2,488,0,499712,13,0,0,0,0,1024,12,13,1,54
20200422,48:55.0,sda,488,0,499712,13,0,0,0,0,1024,11,13,1,54,sdb,0,0,0,0,0,0,0,0,0,0,0,0,0,sdc,0,0,0,0,0,0,0,0,0,0,0,0,0,sdd,0,0,0,0,0,0,0,0,0,0,0,0,0,sde,0,0,0,0,0,0,0,0,0,0,0,0,0,sdf,0,0,0,0,0,0,0,0,0,0,0,0,0,dm-0,0,0,0,0,0,0,0,0,0,0,0,0,0,dm-1,0,0,0,0,0,0,0,0,0,0,0,0,0,dm-2,490,0,501760,13,0,0,0,0,1024,12,13,1,54
20200422,48:56.0,sda,488,0,499712,13,0,0,0,0,1024,12,13,1,52,sdb,0,0,0,0,0,0,0,0,0,0,0,0,0,sdc,0,0,0,0,0,0,0,0,0,0,0,0,0,sdd,0,0,0,0,0,0,0,0,0,0,0,0,0,sde,0,0,0,0,0,0,0,0,0,0,0,0,0,sdf,0,0,0,0,0,0,0,0,0,0,0,0,0,dm-0,0,0,0,0,0,0,0,0,0,0,0,0,0,dm-1,0,0,0,0,0,0,0,0,0,0,0,0,0,dm-2,486,0,497664,13,0,0,0,0,1024,12,13,1,53
20200422,48:57.0,sda,488,0,499712,13,0,0,0,0,1024,12,13,1,54,sdb,0,0,0,0,0,0,0,0,0,0,0,0,0,sdc,0,0,0,0,0,0,0,0,0,0,0,0,0,sdd,0,0,0,0,0,0,0,0,0,0,0,0,0,sde,0,0,0,0,0,0,0,0,0,0,0,0,0,sdf,0,0,0,0,0,0,0,0,0,0,0,0,0,dm-0,0,0,0,0,0,0,0,0,0,0,0,0,0,dm-1,0,0,0,0,0,0,0,0,0,0,0,0,0,dm-2,488,0,499712,13,0,0,0,0,1024,12,13,1,53
20200422,48:58.0,sda,487,0,497664,13,0,0,0,0,1022,12,13,1,51,sdb,0,0,0,0,0,0,0,0,0,0,0,0,0,sdc,0,0,0,0,0,0,0,0,0,0,0,0,0,sdd,0,0,0,0,0,0,0,0,0,0,0,0,0,sde,0,0,0,0,0,0,0,0,0,0,0,0,0,sdf,0,0,0,0,0,0,0,0,0,0,0,0,0,dm-0,0,0,0,0,0,0,0,0,0,0,0,0,0,dm-1,0,0,0,0,0,0,0,0,0,0,0,0,0,dm-2,489,0,499712,13,0,0,0,0,1022,13,13,1,51
20200422,48:59.0,sda,486,0,497664,13,0,0,0,0,1024,12,13,1,53,sdb,0,0,0,0,0,0,0,0,0,0,0,0,0,sdc,0,0,0,0,0,0,0,0,0,0,0,0,0,sdd,0,0,0,0,0,0,0,0,0,0,0,0,0,sde,0,0,0,0,0,0,0,0,0,0,0,0,0,sdf,0,0,0,0,0,0,0,0,0,0,0,0,0,dm-0,0,0,0,0,0,0,0,0,0,0,0,0,0,dm-1,0,0,0,0,0,0,0,0,0,0,0,0,0,dm-2,488,0,499712,13,0,0,0,0,1024,12,13,1,53
20200422,49:00.0,sda,488,0,499712,13,0,0,0,0,1024,12,13,1,53,sdb,0,0,0,0,0,0,0,0,0,0,0,0,0,sdc,0,0,0,0,0,0,0,0,0,0,0,0,0,sdd,0,0,0,0,0,0,0,0,0,0,0,0,0,sde,0,0,0,0,0,0,0,0,0,0,0,0,0,sdf,0,0,0,0,0,0,0,0,0,0,0,0,0,dm-0,0,0,0,0,0,0,0,0,0,0,0,0,0,dm-1,0,0,0,0,0,0,0,0,0,0,0,0,0,dm-2,488,0,499712,13,0,0,0,0,1024,12,13,1,53
20200422,49:01.0,sda,486,0,497664,13,0,0,0,0,1024,12,13,1,54,sdb,0,0,0,0,0,0,0,0,0,0,0,0,0,sdc,0,0,0,0,0,0,0,0,0,0,0,0,0,sdd,0,0,0,0,0,0,0,0,0,0,0,0,0,sde,0,0,0,0,0,0,0,0,0,0,0,0,0,sdf,0,0,0,0,0,0,0,0,0,0,0,0,0,dm-0,0,0,0,0,0,0,0,0,0,0,0,0,0,dm-1,0,0,0,0,0,0,0,0,0,0,0,0,0,dm-2,484,0,495616,13,0,0,0,0,1024,12,13,1,53
20200422,49:02.0,sda,488,0,499712,13,0,0,0,0,1024,12,13,1,53,sdb,0,0,0,0,0,0,0,0,0,0,0,0,0,sdc,0,0,0,0,0,0,0,0,0,0,0,0,0,sdd,0,0,0,0,0,0,0,0,0,0,0,0,0,sde,0,0,0,0,0,0,0,0,0,0,0,0,0,sdf,0,0,0,0,0,0,0,0,0,0,0,0,0,dm-0,0,0,0,0,0,0,0,0,0,0,0,0,0,dm-1,0,0,0,0,0,0,0,0,0,0,0,0,0,dm-2,488,0,499712,13,0,0,0,0,1024,12,13,1,53
20200422,49:03.0,sda,488,0,499712,13,0,0,0,0,1024,12,13,1,54,sdb,0,0,0,0,0,0,0,0,0,0,0,0,0,sdc,0,0,0,0,0,0,0,0,0,0,0,0,0,sdd,0,0,0,0,0,0,0,0,0,0,0,0,0,sde,0,0,0,0,0,0,0,0,0,0,0,0,0,sdf,0,0,0,0,0,0,0,0,0,0,0,0,0,dm-0,0,0,0,0,0,0,0,0,0,0,0,0,0,dm-1,0,0,0,0,0,0,0,0,0,0,0,0,0,dm-2,488,0,499712,13,0,0,0,0,1024,12,13,1,54
20200422,49:04.0,sda,486,0,497664,13,0,0,0,0,1024,11,13,1,54,sdb,0,0,0,0,0,0,0,0,0,0,0,0,0,sdc,0,0,0,0,0,0,0,0,0,0,0,0,0,sdd,0,0,0,0,0,0,0,0,0,0,0,0,0,sde,0,0,0,0,0,0,0,0,0,0,0,0,0,sdf,0,0,0,0,0,0,0,0,0,0,0,0,0,dm-0,0,0,0,0,0,0,0,0,0,0,0,0,0,dm-1,0,0,0,0,0,0,0,0,0,0,0,0,0,dm-2,488,0,499712,13,0,0,0,0,1024,12,13,1,54
20200422,49:05.0,sda,488,0,499712,13,0,0,0,0,1024,12,13,1,54,sdb,0,0,0,0,0,0,0,0,0,0,0,0,0,sdc,0,0,0,0,0,0,0,0,0,0,0,0,0,sdd,0,0,0,0,0,0,0,0,0,0,0,0,0,sde,0,0,0,0,0,0,0,0,0,0,0,0,0,sdf,0,0,0,0,0,0,0,0,0,0,0,0,0,dm-0,0,0,0,0,0,0,0,0,0,0,0,0,0,dm-1,0,0,0,0,0,0,0,0,0,0,0,0,0,dm-2,484,0,495616,13,0,0,0,0,1024,12,13,1,54
20200422,49:06.0,sda,485,0,496896,13,0,0,0,0,1025,12,13,1,52,sdb,0,0,0,0,0,0,0,0,0,0,0,0,0,sdc,0,0,0,0,0,0,0,0,0,0,0,0,0,sdd,0,0,0,0,0,0,0,0,0,0,0,0,0,sde,0,0,0,0,0,0,0,0,0,0,0,0,0,sdf,0,0,0,0,0,0,0,0,0,0,0,0,0,dm-0,0,0,0,0,0,0,0,0,0,0,0,0,0,dm-1,0,0,0,0,0,0,0,0,0,0,0,0,0,dm-2,488,0,499712,13,0,0,0,0,1024,12,13,1,52
20200422,49:07.0,sda,488,0,499712,13,0,0,0,0,1024,12,13,1,52,sdb,0,0,0,0,0,0,0,0,0,0,0,0,0,sdc,0,0,0,0,0,0,0,0,0,0,0,0,0,sdd,0,0,0,0,0,0,0,0,0,0,0,0,0,sde,0,0,0,0,0,0,0,0,0,0,0,0,0,sdf,0,0,0,0,0,0,0,0,0,0,0,0,0,dm-0,0,0,0,0,0,0,0,0,0,0,0,0,0,dm-1,0,0,0,0,0,0,0,0,0,0,0,0,0,dm-2,488,0,499712,13,0,0,0,0,1024,12,13,1,52
20200422,49:08.0,sda,488,0,499712,13,0,0,0,0,1024,11,13,1,56,sdb,0,0,0,0,0,0,0,0,0,0,0,0,0,sdc,0,0,0,0,0,0,0,0,0,0,0,0,0,sdd,0,0,0,0,0,0,0,0,0,0,0,0,0,sde,0,0,0,0,0,0,0,0,0,0,0,0,0,sdf,0,0,0,0,0,0,0,0,0,0,0,0,0,dm-0,0,0,0,0,0,0,0,0,0,0,0,0,0,dm-1,0,0,0,0,0,0,0,0,0,0,0,0,0,dm-2,488,0,499712,13,0,0,0,0,1024,12,13,1,56
20200422,49:09.0,sda,488,0,500480,13,0,0,0,0,1026,12,13,1,53,sdb,0,0,0,0,0,0,0,0,0,0,0,0,0,sdc,0,0,0,0,0,0,0,0,0,0,0,0,0,sdd,0,0,0,0,0,0,0,0,0,0,0,0,0,sde,0,0,0,0,0,0,0,0,0,0,0,0,0,sdf,0,0,0,0,0,0,0,0,0,0,0,0,0,dm-0,0,0,0,0,0,0,0,0,0,0,0,0,0,dm-1,0,0,0,0,0,0,0,0,0,0,0,0,0,dm-2,488,0,499712,13,0,0,0,0,1024,12,13,1,53
20200422,49:10.0,sda,489,0,499712,13,0,0,0,0,1022,12,13,1,53,sdb,0,0,0,0,0,0,0,0,0,0,0,0,0,sdc,0,0,0,0,0,0,0,0,0,0,0,0,0,sdd,0,0,0,0,0,0,0,0,0,0,0,0,0,sde,0,0,0,0,0,0,0,0,0,0,0,0,0,sdf,0,0,0,0,0,0,0,0,0,0,0,0,0,dm-0,0,0,0,0,0,0,0,0,0,0,0,0,0,dm-1,0,0,0,0,0,0,0,0,0,0,0,0,0,dm-2,488,0,499712,13,0,0,0,0,1024,12,13,1,52
20200422,49:11.0,sda,394,0,403456,13,0,0,0,0,1024,12,13,1,41,sdb,0,0,0,0,0,0,0,0,0,0,0,0,0,sdc,0,0,0,0,0,0,0,0,0,0,0,0,0,sdd,0,0,0,0,0,0,0,0,0,0,0,0,0,sde,0,0,0,0,0,0,0,0,0,0,0,0,0,sdf,0,0,0,0,0,0,0,0,0,0,0,0,0,dm-0,0,0,0,0,0,0,0,0,0,0,0,0,0,dm-1,0,0,0,0,0,0,0,0,0,0,0,0,0,dm-2,388,0,397312,13,0,0,0,0,1024,13,13,1,41
20200422,49:12.0,sda,0,0,0,0,0,0,0,0,0,0,0,0,0,sdb,0,0,0,0,0,0,0,0,0,0,0,0,0,sdc,0,0,0,0,0,0,0,0,0,0,0,0,0,sdd,0,0,0,0,0,0,0,0,0,0,0,0,0,sde,0,0,0,0,0,0,0,0,0,0,0,0,0,sdf,0,0,0,0,0,0,0,0,0,0,0,0,0,dm-0,0,0,0,0,0,0,0,0,0,0,0,0,0,dm-1,0,0,0,0,0,0,0,0,0,0,0,0,0,dm-2,0,0,0,0,0,0,0,0,0,0,0,0,0
20200422,49:13.0,sda,0,0,0,0,0,0,0,0,0,0,0,0,0,sdb,0,0,0,0,0,0,0,0,0,0,0,0,0,sdc,0,0,0,0,0,0,0,0,0,0,0,0,0,sdd,0,0,0,0,0,0,0,0,0,0,0,0,0,sde,0,0,0,0,0,0,0,0,0,0,0,0,0,sdf,0,0,0,0,0,0,0,0,0,0,0,0,0,dm-0,0,0,0,0,0,0,0,0,0,0,0,0,0,dm-1,0,0,0,0,0,0,0,0,0,0,0,0,0,dm-2,0,0,0,0,0,0,0,0,0,0,0,0,0
20200422,49:14.0,sda,1,0,16,0,8,3,104,0,13,0,0,0,0,sdb,0,0,0,0,0,0,0,0,0,0,0,0,0,sdc,0,0,0,0,0,0,0,0,0,0,0,0,0,sdd,0,0,0,0,0,0,0,0,0,0,0,0,0,sde,0,0,0,0,0,0,0,0,0,0,0,0,0,sdf,0,0,0,0,0,0,0,0,0,0,0,0,0,dm-0,1,0,16,0,11,0,104,0,10,0,0,0,0,dm-1,0,0,0,0,0,0,0,0,0,0,0,0,0,dm-2,0,0,0,0,0,0,0,0,0,0,0,0,0
20200422,49:15.0,sda,0,0,0,0,0,0,0,0,0,0,0,0,0,sdb,0,0,0,0,0,0,0,0,0,0,0,0,0,sdc,0,0,0,0,0,0,0,0,0,0,0,0,0,sdd,0,0,0,0,0,0,0,0,0,0,0,0,0,sde,0,0,0,0,0,0,0,0,0,0,0,0,0,sdf,0,0,0,0,0,0,0,0,0,0,0,0,0,dm-0,0,0,0,0,0,0,0,0,0,0,0,0,0,dm-1,0,0,0,0,0,0,0,0,0,0,0,0,0,dm-2,0,0,0,0,0,0,0,0,0,0,0,0,0
20200422,49:16.0,sda,0,0,0,0,0,0,0,0,0,0,0,0,0,sdb,0,0,0,0,0,0,0,0,0,0,0,0,0,sdc,0,0,0,0,0,0,0,0,0,0,0,0,0,sdd,0,0,0,0,0,0,0,0,0,0,0,0,0,sde,0,0,0,0,0,0,0,0,0,0,0,0,0,sdf,0,0,0,0,0,0,0,0,0,0,0,0,0,dm-0,0,0,0,0,0,0,0,0,0,0,0,0,0,dm-1,0,0,0,0,0,0,0,0,0,0,0,0,0,dm-2,0,0,0,0,0,0,0,0,0,0,0,0,0
20200422,49:17.0,sda,0,0,0,0,0,0,0,0,0,0,0,0,0,sdb,0,0,0,0,0,0,0,0,0,0,0,0,0,sdc,0,0,0,0,0,0,0,0,0,0,0,0,0,sdd,0,0,0,0,0,0,0,0,0,0,0,0,0,sde,0,0,0,0,0,0,0,0,0,0,0,0,0,sdf,0,0,0,0,0,0,0,0,0,0,0,0,0,dm-0,0,0,0,0,0,0,0,0,0,0,0,0,0,dm-1,0,0,0,0,0,0,0,0,0,0,0,0,0,dm-2,0,0,0,0,0,0,0,0,0,0,0,0,0
20200422,49:18.0,sda,0,0,0,0,0,0,0,0,0,0,0,0,0,sdb,0,0,0,0,0,0,0,0,0,0,0,0,0,sdc,0,0,0,0,0,0,0,0,0,0,0,0,0,sdd,0,0,0,0,0,0,0,0,0,0,0,0,0,sde,0,0,0,0,0,0,0,0,0,0,0,0,0,sdf,0,0,0,0,0,0,0,0,0,0,0,0,0,dm-0,0,0,0,0,0,0,0,0,0,0,0,0,0,dm-1,0,0,0,0,0,0,0,0,0,0,0,0,0,dm-2,0,0,0,0,0,0,0,0,0,0,0,0,0
20200422,49:19.0,sda,0,0,0,0,0,0,0,0,0,0,0,0,0,sdb,0,0,0,0,0,0,0,0,0,0,0,0,0,sdc,0,0,0,0,0,0,0,0,0,0,0,0,0,sdd,0,0,0,0,0,0,0,0,0,0,0,0,0,sde,0,0,0,0,0,0,0,0,0,0,0,0,0,sdf,0,0,0,0,0,0,0,0,0,0,0,0,0,dm-0,0,0,0,0,0,0,0,0,0,0,0,0,0,dm-1,0,0,0,0,0,0,0,0,0,0,0,0,0,dm-2,0,0,0,0,0,0,0,0,0,0,0,0,0
20200422,49:20.0,sda,0,0,0,0,0,0,0,0,0,0,0,0,0,sdb,0,0,0,0,0,0,0,0,0,0,0,0,0,sdc,0,0,0,0,0,0,0,0,0,0,0,0,0,sdd,0,0,0,0,0,0,0,0,0,0,0,0,0,sde,0,0,0,0,0,0,0,0,0,0,0,0,0,sdf,0,0,0,0,0,0,0,0,0,0,0,0,0,dm-0,0,0,0,0,0,0,0,0,0,0,0,0,0,dm-1,0,0,0,0,0,0,0,0,0,0,0,0,0,dm-2,0,0,0,0,0,0,0,0,0,0,0,0,0
20200422,49:21.0,sda,1,0,16,0,1,0,16,0,16,0,0,0,0,sdb,0,0,0,0,0,0,0,0,0,0,0,0,0,sdc,0,0,0,0,0,0,0,0,0,0,0,0,0,sdd,0,0,0,0,0,0,0,0,0,0,0,0,0,sde,0,0,0,0,0,0,0,0,0,0,0,0,0,sdf,0,0,0,0,0,0,0,0,0,0,0,0,0,dm-0,0,0,0,0,0,0,0,0,0,0,0,0,0,dm-1,0,0,0,0,0,0,0,0,0,0,0,0,0,dm-2,1,0,16,0,1,0,16,0,16,0,0,0,0
20200422,49:22.0,sda,0,0,0,0,0,0,0,0,0,0,0,0,0,sdb,0,0,0,0,0,0,0,0,0,0,0,0,0,sdc,0,0,0,0,0,0,0,0,0,0,0,0,0,sdd,0,0,0,0,0,0,0,0,0,0,0,0,0,sde,0,0,0,0,0,0,0,0,0,0,0,0,0,sdf,0,0,0,0,0,0,0,0,0,0,0,0,0,dm-0,0,0,0,0,0,0,0,0,0,0,0,0,0,dm-1,0,0,0,0,0,0,0,0,0,0,0,0,0,dm-2,0,0,0,0,0,0,0,0,0,0,0,0,0
20200422,49:23.0,sda,0,0,0,0,0,0,0,0,0,0,0,0,0,sdb,0,0,0,0,0,0,0,0,0,0,0,0,0,sdc,0,0,0,0,0,0,0,0,0,0,0,0,0,sdd,0,0,0,0,0,0,0,0,0,0,0,0,0,sde,0,0,0,0,0,0,0,0,0,0,0,0,0,sdf,0,0,0,0,0,0,0,0,0,0,0,0,0,dm-0,0,0,0,0,0,0,0,0,0,0,0,0,0,dm-1,0,0,0,0,0,0,0,0,0,0,0,0,0,dm-2,0,0,0,0,0,0,0,0,0,0,0,0,0
20200422,49:24.0,sda,0,0,0,0,0,0,0,0,0,0,0,0,0,sdb,0,0,0,0,0,0,0,0,0,0,0,0,0,sdc,0,0,0,0,0,0,0,0,0,0,0,0,0,sdd,0,0,0,0,0,0,0,0,0,0,0,0,0,sde,0,0,0,0,0,0,0,0,0,0,0,0,0,sdf,0,0,0,0,0,0,0,0,0,0,0,0,0,dm-0,0,0,0,0,0,0,0,0,0,0,0,0,0,dm-1,0,0,0,0,0,0,0,0,0,0,0,0,0,dm-2,0,0,0,0,0,0,0,0,0,0,0,0,0
20200422,49:25.0,sda,0,0,0,0,0,0,0,0,0,0,0,0,0,sdb,0,0,0,0,0,0,0,0,0,0,0,0,0,sdc,0,0,0,0,0,0,0,0,0,0,0,0,0,sdd,0,0,0,0,0,0,0,0,0,0,0,0,0,sde,0,0,0,0,0,0,0,0,0,0,0,0,0,sdf,0,0,0,0,0,0,0,0,0,0,0,0,0,dm-0,0,0,0,0,0,0,0,0,0,0,0,0,0,dm-1,0,0,0,0,0,0,0,0,0,0,0,0,0,dm-2,0,0,0,0,0,0,0,0,0,0,0,0,0
20200422,49:26.0,sda,0,0,0,0,0,0,0,0,0,0,0,0,0,sdb,0,0,0,0,0,0,0,0,0,0,0,0,0,sdc,0,0,0,0,0,0,0,0,0,0,0,0,0,sdd,0,0,0,0,0,0,0,0,0,0,0,0,0,sde,0,0,0,0,0,0,0,0,0,0,0,0,0,sdf,0,0,0,0,0,0,0,0,0,0,0,0,0,dm-0,0,0,0,0,0,0,0,0,0,0,0,0,0,dm-1,0,0,0,0,0,0,0,0,0,0,0,0,0,dm-2,0,0,0,0,0,0,0,0,0,0,0,0,0
20200422,49:27.0,sda,0,0,0,0,0,0,0,0,0,0,0,0,0,sdb,0,0,0,0,0,0,0,0,0,0,0,0,0,sdc,0,0,0,0,0,0,0,0,0,0,0,0,0,sdd,0,0,0,0,0,0,0,0,0,0,0,0,0,sde,0,0,0,0,0,0,0,0,0,0,0,0,0,sdf,0,0,0,0,0,0,0,0,0,0,0,0,0,dm-0,0,0,0,0,0,0,0,0,0,0,0,0,0,dm-1,0,0,0,0,0,0,0,0,0,0,0,0,0,dm-2,0,0,0,0,0,0,0,0,0,0,0,0,0
20200422,49:28.0,sda,0,0,0,0,0,0,0,0,0,0,0,0,0,sdb,0,0,0,0,0,0,0,0,0,0,0,0,0,sdc,0,0,0,0,0,0,0,0,0,0,0,0,0,sdd,0,0,0,0,0,0,0,0,0,0,0,0,0,sde,0,0,0,0,0,0,0,0,0,0,0,0,0,sdf,0,0,0,0,0,0,0,0,0,0,0,0,0,dm-0,0,0,0,0,0,0,0,0,0,0,0,0,0,dm-1,0,0,0,0,0,0,0,0,0,0,0,0,0,dm-2,0,0,0,0,0,0,0,0,0,0,0,0,0
20200422,49:29.0,sda,0,0,0,0,0,0,0,0,0,0,0,0,0,sdb,0,0,0,0,0,0,0,0,0,0,0,0,0,sdc,0,0,0,0,0,0,0,0,0,0,0,0,0,sdd,0,0,0,0,0,0,0,0,0,0,0,0,0,sde,0,0,0,0,0,0,0,0,0,0,0,0,0,sdf,0,0,0,0,0,0,0,0,0,0,0,0,0,dm-0,0,0,0,0,0,0,0,0,0,0,0,0,0,dm-1,0,0,0,0,0,0,0,0,0,0,0,0,0,dm-2,0,0,0,0,0,0,0,0,0,0,0,0,0
20200422,49:30.0,sda,0,0,0,0,0,0,0,0,0,0,0,0,0,sdb,0,0,0,0,0,0,0,0,0,0,0,0,0,sdc,0,0,0,0,0,0,0,0,0,0,0,0,0,sdd,0,0,0,0,0,0,0,0,0,0,0,0,0,sde,0,0,0,0,0,0,0,0,0,0,0,0,0,sdf,0,0,0,0,0,0,0,0,0,0,0,0,0,dm-0,0,0,0,0,0,0,0,0,0,0,0,0,0,dm-1,0,0,0,0,0,0,0,0,0,0,0,0,0,dm-2,0,0,0,0,0,0,0,0,0,0,0,0,0
20200422,49:31.0,sda,4,0,16,0,0,0,0,0,4,0,0,0,0,sdb,0,0,0,0,0,0,0,0,0,0,0,0,0,sdc,0,0,0,0,0,0,0,0,0,0,0,0,0,sdd,0,0,0,0,0,0,0,0,0,0,0,0,0,sde,0,0,0,0,0,0,0,0,0,0,0,0,0,sdf,0,0,0,0,0,0,0,0,0,0,0,0,0,dm-0,4,0,16,0,0,0,0,0,4,0,0,0,0,dm-1,0,0,0,0,0,0,0,0,0,0,0,0,0,dm-2,0,0,0,0,0,0,0,0,0,0,0,0,0
20200422,49:32.0,sda,0,0,0,0,0,0,0,0,0,0,0,0,0,sdb,0,0,0,0,0,0,0,0,0,0,0,0,0,sdc,0,0,0,0,0,0,0,0,0,0,0,0,0,sdd,0,0,0,0,0,0,0,0,0,0,0,0,0,sde,0,0,0,0,0,0,0,0,0,0,0,0,0,sdf,0,0,0,0,0,0,0,0,0,0,0,0,0,dm-0,0,0,0,0,0,0,0,0,0,0,0,0,0,dm-1,0,0,0,0,0,0,0,0,0,0,0,0,0,dm-2,0,0,0,0,0,0,0,0,0,0,0,0,0
20200422,49:33.0,sda,0,0,0,0,0,0,0,0,0,0,0,0,0,sdb,0,0,0,0,0,0,0,0,0,0,0,0,0,sdc,0,0,0,0,0,0,0,0,0,0,0,0,0,sdd,0,0,0,0,0,0,0,0,0,0,0,0,0,sde,0,0,0,0,0,0,0,0,0,0,0,0,0,sdf,0,0,0,0,0,0,0,0,0,0,0,0,0,dm-0,0,0,0,0,0,0,0,0,0,0,0,0,0,dm-1,0,0,0,0,0,0,0,0,0,0,0,0,0,dm-2,0,0,0,0,0,0,0,0,0,0,0,0,0
20200422,49:34.0,sda,0,0,0,0,0,0,0,0,0,0,0,0,0,sdb,0,0,0,0,0,0,0,0,0,0,0,0,0,sdc,0,0,0,0,0,0,0,0,0,0,0,0,0,sdd,0,0,0,0,0,0,0,0,0,0,0,0,0,sde,0,0,0,0,0,0,0,0,0,0,0,0,0,sdf,0,0,0,0,0,0,0,0,0,0,0,0,0,dm-0,0,0,0,0,0,0,0,0,0,0,0,0,0,dm-1,0,0,0,0,0,0,0,0,0,0,0,0,0,dm-2,0,0,0,0,0,0,0,0,0,0,0,0,0
20200422,49:35.0,sda,0,0,0,0,0,0,0,0,0,0,0,0,0,sdb,0,0,0,0,0,0,0,0,0,0,0,0,0,sdc,0,0,0,0,0,0,0,0,0,0,0,0,0,sdd,0,0,0,0,0,0,0,0,0,0,0,0,0,sde,0,0,0,0,0,0,0,0,0,0,0,0,0,sdf,0,0,0,0,0,0,0,0,0,0,0,0,0,dm-0,0,0,0,0,0,0,0,0,0,0,0,0,0,dm-1,0,0,0,0,0,0,0,0,0,0,0,0,0,dm-2,0,0,0,0,0,0,0,0,0,0,0,0,0
20200422,49:36.0,sda,0,0,0,0,0,0,0,0,0,0,0,0,0,sdb,0,0,0,0,0,0,0,0,0,0,0,0,0,sdc,0,0,0,0,0,0,0,0,0,0,0,0,0,sdd,0,0,0,0,0,0,0,0,0,0,0,0,0,sde,0,0,0,0,0,0,0,0,0,0,0,0,0,sdf,0,0,0,0,0,0,0,0,0,0,0,0,0,dm-0,0,0,0,0,0,0,0,0,0,0,0,0,0,dm-1,0,0,0,0,0,0,0,0,0,0,0,0,0,dm-2,0,0,0,0,0,0,0,0,0,0,0,0,0
20200422,49:37.0,sda,0,0,0,0,0,0,0,0,0,0,0,0,0,sdb,0,0,0,0,0,0,0,0,0,0,0,0,0,sdc,0,0,0,0,0,0,0,0,0,0,0,0,0,sdd,0,0,0,0,0,0,0,0,0,0,0,0,0,sde,0,0,0,0,0,0,0,0,0,0,0,0,0,sdf,0,0,0,0,0,0,0,0,0,0,0,0,0,dm-0,0,0,0,0,0,0,0,0,0,0,0,0,0,dm-1,0,0,0,0,0,0,0,0,0,0,0,0,0,dm-2,0,0,0,0,0,0,0,0,0,0,0,0,0
20200422,49:38.0,sda,0,0,0,0,0,0,0,0,0,0,0,0,0,sdb,0,0,0,0,0,0,0,0,0,0,0,0,0,sdc,0,0,0,0,0,0,0,0,0,0,0,0,0,sdd,0,0,0,0,0,0,0,0,0,0,0,0,0,sde,0,0,0,0,0,0,0,0,0,0,0,0,0,sdf,0,0,0,0,0,0,0,0,0,0,0,0,0,dm-0,0,0,0,0,0,0,0,0,0,0,0,0,0,dm-1,0,0,0,0,0,0,0,0,0,0,0,0,0,dm-2,0,0,0,0,0,0,0,0,0,0,0,0,0
20200422,49:39.0,sda,0,0,0,0,0,0,0,0,0,0,0,0,0,sdb,0,0,0,0,0,0,0,0,0,0,0,0,0,sdc,0,0,0,0,0,0,0,0,0,0,0,0,0,sdd,0,0,0,0,0,0,0,0,0,0,0,0,0,sde,0,0,0,0,0,0,0,0,0,0,0,0,0,sdf,0,0,0,0,0,0,0,0,0,0,0,0,0,dm-0,0,0,0,0,0,0,0,0,0,0,0,0,0,dm-1,0,0,0,0,0,0,0,0,0,0,0,0,0,dm-2,0,0,0,0,0,0,0,0,0,0,0,0,0
20200422,49:40.0,sda,0,0,0,0,0,0,0,0,0,0,0,0,0,sdb,0,0,0,0,0,0,0,0,0,0,0,0,0,sdc,0,0,0,0,0,0,0,0,0,0,0,0,0,sdd,0,0,0,0,0,0,0,0,0,0,0,0,0,sde,0,0,0,0,0,0,0,0,0,0,0,0,0,sdf,0,0,0,0,0,0,0,0,0,0,0,0,0,dm-0,0,0,0,0,0,0,0,0,0,0,0,0,0,dm-1,0,0,0,0,0,0,0,0,0,0,0,0,0,dm-2,0,0,0,0,0,0,0,0,0,0,0,0,0
20200422,49:41.0,sda,4,0,28,0,0,0,0,0,7,0,0,0,0,sdb,0,0,0,0,0,0,0,0,0,0,0,0,0,sdc,0,0,0,0,0,0,0,0,0,0,0,0,0,sdd,0,0,0,0,0,0,0,0,0,0,0,0,0,sde,0,0,0,0,0,0,0,0,0,0,0,0,0,sdf,0,0,0,0,0,0,0,0,0,0,0,0,0,dm-0,0,0,0,0,0,0,0,0,0,0,0,0,0,dm-1,0,0,0,0,0,0,0,0,0,0,0,0,0,dm-2,4,0,28,0,0,0,0,0,7,0,0,0,0
20200422,49:42.0,sda,0,0,0,0,0,0,0,0,0,0,0,0,0,sdb,0,0,0,0,0,0,0,0,0,0,0,0,0,sdc,0,0,0,0,0,0,0,0,0,0,0,0,0,sdd,0,0,0,0,0,0,0,0,0,0,0,0,0,sde,0,0,0,0,0,0,0,0,0,0,0,0,0,sdf,0,0,0,0,0,0,0,0,0,0,0,0,0,dm-0,0,0,0,0,0,0,0,0,0,0,0,0,0,dm-1,0,0,0,0,0,0,0,0,0,0,0,0,0,dm-2,0,0,0,0,0,0,0,0,0,0,0,0,0
20200422,49:43.0,sda,0,0,0,0,0,0,0,0,0,0,0,0,0,sdb,0,0,0,0,0,0,0,0,0,0,0,0,0,sdc,0,0,0,0,0,0,0,0,0,0,0,0,0,sdd,0,0,0,0,0,0,0,0,0,0,0,0,0,sde,0,0,0,0,0,0,0,0,0,0,0,0,0,sdf,0,0,0,0,0,0,0,0,0,0,0,0,0,dm-0,0,0,0,0,0,0,0,0,0,0,0,0,0,dm-1,0,0,0,0,0,0,0,0,0,0,0,0,0,dm-2,0,0,0,0,0,0,0,0,0,0,0,0,0
20200422,49:44.0,sda,0,0,0,0,1,0,4,0,4,0,0,1,0,sdb,0,0,0,0,0,0,0,0,0,0,0,0,0,sdc,0,0,0,0,0,0,0,0,0,0,0,0,0,sdd,0,0,0,0,0,0,0,0,0,0,0,0,0,sde,0,0,0,0,0,0,0,0,0,0,0,0,0,sdf,0,0,0,0,0,0,0,0,0,0,0,0,0,dm-0,0,0,0,0,1,0,4,0,4,0,0,1,0,dm-1,0,0,0,0,0,0,0,0,0,0,0,0,0,dm-2,0,0,0,0,0,0,0,0,0,0,0,0,0
20200422,49:45.0,sda,0,0,0,0,0,0,0,0,0,0,0,0,0,sdb,0,0,0,0,0,0,0,0,0,0,0,0,0,sdc,0,0,0,0,0,0,0,0,0,0,0,0,0,sdd,0,0,0,0,0,0,0,0,0,0,0,0,0,sde,0,0,0,0,0,0,0,0,0,0,0,0,0,sdf,0,0,0,0,0,0,0,0,0,0,0,0,0,dm-0,0,0,0,0,0,0,0,0,0,0,0,0,0,dm-1,0,0,0,0,0,0,0,0,0,0,0,0,0,dm-2,0,0,0,0,0,0,0,0,0,0,0,0,0
20200422,49:46.0,sda,4,0,16,0,354,0,362496,11,1013,11,11,1,37,sdb,0,0,0,0,0,0,0,0,0,0,0,0,0,sdc,0,0,0,0,0,0,0,0,0,0,0,0,0,sdd,0,0,0,0,0,0,0,0,0,0,0,0,0,sde,0,0,0,0,0,0,0,0,0,0,0,0,0,sdf,0,0,0,0,0,0,0,0,0,0,0,0,0,dm-0,0,0,0,0,0,0,0,0,0,0,0,0,0,dm-1,0,0,0,0,0,0,0,0,0,0,0,0,0,dm-2,4,0,16,0,360,0,368640,13,1013,10,13,1,48
20200422,49:47.0,sda,0,0,0,0,146,0,149504,12,1024,11,12,1,15,sdb,0,0,0,0,0,0,0,0,0,0,0,0,0,sdc,0,0,0,0,0,0,0,0,0,0,0,0,0,sdd,0,0,0,0,0,0,0,0,0,0,0,0,0,sde,0,0,0,0,0,0,0,0,0,0,0,0,0,sdf,0,0,0,0,0,0,0,0,0,0,0,0,0,dm-0,0,0,0,0,0,0,0,0,0,0,0,0,0,dm-1,0,0,0,0,0,0,0,0,0,0,0,0,0,dm-2,0,0,0,0,140,0,143360,14,1024,9,14,2,22
20200422,49:48.0,sda,0,0,0,0,0,0,0,0,0,0,0,0,0,sdb,0,0,0,0,0,0,0,0,0,0,0,0,0,sdc,0,0,0,0,0,0,0,0,0,0,0,0,0,sdd,0,0,0,0,0,0,0,0,0,0,0,0,0,sde,0,0,0,0,0,0,0,0,0,0,0,0,0,sdf,0,0,0,0,0,0,0,0,0,0,0,0,0,dm-0,0,0,0,0,0,0,0,0,0,0,0,0,0,dm-1,0,0,0,0,0,0,0,0,0,0,0,0,0,dm-2,0,0,0,0,0,0,0,0,0,0,0,0,0
20200422,49:49.0,sda,0,0,0,0,0,0,0,0,0,0,0,0,0,sdb,0,0,0,0,0,0,0,0,0,0,0,0,0,sdc,0,0,0,0,0,0,0,0,0,0,0,0,0,sdd,0,0,0,0,0,0,0,0,0,0,0,0,0,sde,0,0,0,0,0,0,0,0,0,0,0,0,0,sdf,0,0,0,0,0,0,0,0,0,0,0,0,0,dm-0,0,0,0,0,0,0,0,0,0,0,0,0,0,dm-1,0,0,0,0,0,0,0,0,0,0,0,0,0,dm-2,0,0,0,0,0,0,0,0,0,0,0,0,0
20200422,49:50.0,sda,0,0,0,0,0,0,0,0,0,0,0,0,0,sdb,0,0,0,0,0,0,0,0,0,0,0,0,0,sdc,0,0,0,0,0,0,0,0,0,0,0,0,0,sdd,0,0,0,0,0,0,0,0,0,0,0,0,0,sde,0,0,0,0,0,0,0,0,0,0,0,0,0,sdf,0,0,0,0,0,0,0,0,0,0,0,0,0,dm-0,0,0,0,0,0,0,0,0,0,0,0,0,0,dm-1,0,0,0,0,0,0,0,0,0,0,0,0,0,dm-2,0,0,0,0,0,0,0,0,0,0,0,0,0
20200422,49:51.0,sda,0,0,0,0,1,0,4,0,4,0,0,1,0,sdb,0,0,0,0,0,0,0,0,0,0,0,0,0,sdc,0,0,0,0,0,0,0,0,0,0,0,0,0,sdd,0,0,0,0,0,0,0,0,0,0,0,0,0,sde,0,0,0,0,0,0,0,0,0,0,0,0,0,sdf,0,0,0,0,0,0,0,0,0,0,0,0,0,dm-0,0,0,0,0,0,0,0,0,0,0,0,0,0,dm-1,0,0,0,0,0,0,0,0,0,0,0,0,0,dm-2,0,0,0,0,1,0,4,0,4,0,0,1,0
20200422,49:52.0,sda,0,0,0,0,283,0,290048,11,1025,10,11,1,30,sdb,0,0,0,0,0,0,0,0,0,0,0,0,0,sdc,0,0,0,0,0,0,0,0,0,0,0,0,0,sdd,0,0,0,0,0,0,0,0,0,0,0,0,0,sde,0,0,0,0,0,0,0,0,0,0,0,0,0,sdf,0,0,0,0,0,0,0,0,0,0,0,0,0,dm-0,0,0,0,0,0,0,0,0,0,0,0,0,0,dm-1,0,0,0,0,0,0,0,0,0,0,0,0,0,dm-2,0,0,0,0,290,0,296960,13,1024,10,13,1,37
20200422,49:53.0,sda,0,0,0,0,489,0,500480,12,1023,11,12,1,51,sdb,0,0,0,0,0,0,0,0,0,0,0,0,0,sdc,0,0,0,0,0,0,0,0,0,0,0,0,0,sdd,0,0,0,0,0,0,0,0,0,0,0,0,0,sde,0,0,0,0,0,0,0,0,0,0,0,0,0,sdf,0,0,0,0,0,0,0,0,0,0,0,0,0,dm-0,0,0,0,0,0,0,0,0,0,0,0,0,0,dm-1,0,0,0,0,0,0,0,0,0,0,0,0,0,dm-2,0,0,0,0,489,0,500992,14,1025,11,14,1,63
20200422,49:54.0,sda,0,0,0,0,494,0,505856,12,1024,11,12,1,52,sdb,0,0,0,0,0,0,0,0,0,0,0,0,0,sdc,0,0,0,0,0,0,0,0,0,0,0,0,0,sdd,0,0,0,0,0,0,0,0,0,0,0,0,0,sde,0,0,0,0,0,0,0,0,0,0,0,0,0,sdf,0,0,0,0,0,0,0,0,0,0,0,0,0,dm-0,0,0,0,0,0,0,0,0,0,0,0,0,0,dm-1,0,0,0,0,0,0,0,0,0,0,0,0,0,dm-2,0,0,0,0,494,0,505856,14,1024,11,14,1,65
20200422,49:55.0,sda,0,0,0,0,494,0,505856,12,1024,11,12,1,52,sdb,0,0,0,0,0,0,0,0,0,0,0,0,0,sdc,0,0,0,0,0,0,0,0,0,0,0,0,0,sdd,0,0,0,0,0,0,0,0,0,0,0,0,0,sde,0,0,0,0,0,0,0,0,0,0,0,0,0,sdf,0,0,0,0,0,0,0,0,0,0,0,0,0,dm-0,0,0,0,0,0,0,0,0,0,0,0,0,0,dm-1,0,0,0,0,0,0,0,0,0,0,0,0,0,dm-2,0,0,0,0,494,0,505856,14,1024,10,14,1,65
20200422,49:56.0,sda,0,0,0,0,489,0,500992,12,1025,11,12,1,52,sdb,0,0,0,0,0,0,0,0,0,0,0,0,0,sdc,0,0,0,0,0,0,0,0,0,0,0,0,0,sdd,0,0,0,0,0,0,0,0,0,0,0,0,0,sde,0,0,0,0,0,0,0,0,0,0,0,0,0,sdf,0,0,0,0,0,0,0,0,0,0,0,0,0,dm-0,0,0,0,0,0,0,0,0,0,0,0,0,0,dm-1,0,0,0,0,0,0,0,0,0,0,0,0,0,dm-2,0,0,0,0,489,0,500480,14,1023,11,14,1,64
20200422,49:57.0,sda,0,0,0,0,494,0,505856,12,1024,11,12,1,52,sdb,0,0,0,0,0,0,0,0,0,0,0,0,0,sdc,0,0,0,0,0,0,0,0,0,0,0,0,0,sdd,0,0,0,0,0,0,0,0,0,0,0,0,0,sde,0,0,0,0,0,0,0,0,0,0,0,0,0,sdf,0,0,0,0,0,0,0,0,0,0,0,0,0,dm-0,0,0,0,0,0,0,0,0,0,0,0,0,0,dm-1,0,0,0,0,0,0,0,0,0,0,0,0,0,dm-2,0,0,0,0,494,0,505856,14,1024,11,14,1,65
20200422,49:58.0,sda,0,0,0,0,490,0,501760,12,1024,11,12,1,52,sdb,0,0,0,0,0,0,0,0,0,0,0,0,0,sdc,0,0,0,0,0,0,0,0,0,0,0,0,0,sdd,0,0,0,0,0,0,0,0,0,0,0,0,0,sde,0,0,0,0,0,0,0,0,0,0,0,0,0,sdf,0,0,0,0,0,0,0,0,0,0,0,0,0,dm-0,0,0,0,0,0,0,0,0,0,0,0,0,0,dm-1,0,0,0,0,0,0,0,0,0,0,0,0,0,dm-2,0,0,0,0,490,0,501760,14,1024,11,14,1,65
20200422,49:59.0,sda,0,0,0,0,493,0,504576,12,1023,11,12,1,52,sdb,0,0,0,0,0,0,0,0,0,0,0,0,0,sdc,0,0,0,0,0,0,0,0,0,0,0,0,0,sdd,0,0,0,0,0,0,0,0,0,0,0,0,0,sde,0,0,0,0,0,0,0,0,0,0,0,0,0,sdf,0,0,0,0,0,0,0,0,0,0,0,0,0,dm-0,0,0,0,0,0,0,0,0,0,0,0,0,0,dm-1,0,0,0,0,0,0,0,0,0,0,0,0,0,dm-2,0,0,0,0,492,0,503808,14,1024,11,14,1,65
20200422,50:00.0,sda,0,0,0,0,494,0,505856,12,1024,11,12,1,52,sdb,0,0,0,0,0,0,0,0,0,0,0,0,0,sdc,0,0,0,0,0,0,0,0,0,0,0,0,0,sdd,0,0,0,0,0,0,0,0,0,0,0,0,0,sde,0,0,0,0,0,0,0,0,0,0,0,0,0,sdf,0,0,0,0,0,0,0,0,0,0,0,0,0,dm-0,0,0,0,0,0,0,0,0,0,0,0,0,0,dm-1,0,0,0,0,0,0,0,0,0,0,0,0,0,dm-2,0,0,0,0,494,0,505856,14,1024,11,14,1,65
20200422,50:01.0,sda,0,0,0,0,488,0,499712,12,1024,11,12,1,51,sdb,0,0,0,0,0,0,0,0,0,0,0,0,0,sdc,0,0,0,0,0,0,0,0,0,0,0,0,0,sdd,0,0,0,0,0,0,0,0,0,0,0,0,0,sde,0,0,0,0,0,0,0,0,0,0,0,0,0,sdf,0,0,0,0,0,0,0,0,0,0,0,0,0,dm-0,0,0,0,0,0,0,0,0,0,0,0,0,0,dm-1,0,0,0,0,0,0,0,0,0,0,0,0,0,dm-2,0,0,0,0,489,0,500992,14,1025,11,14,1,64
20200422,50:02.0,sda,0,0,0,0,494,0,505856,12,1024,11,12,1,52,sdb,0,0,0,0,0,0,0,0,0,0,0,0,0,sdc,0,0,0,0,0,0,0,0,0,0,0,0,0,sdd,0,0,0,0,0,0,0,0,0,0,0,0,0,sde,0,0,0,0,0,0,0,0,0,0,0,0,0,sdf,0,0,0,0,0,0,0,0,0,0,0,0,0,dm-0,0,0,0,0,0,0,0,0,0,0,0,0,0,dm-1,0,0,0,0,0,0,0,0,0,0,0,0,0,dm-2,0,0,0,0,493,0,504576,14,1023,11,14,1,65
20200422,50:03.0,sda,0,0,0,0,493,0,505088,12,1025,11,12,1,52,sdb,0,0,0,0,0,0,0,0,0,0,0,0,0,sdc,0,0,0,0,0,0,0,0,0,0,0,0,0,sdd,0,0,0,0,0,0,0,0,0,0,0,0,0,sde,0,0,0,0,0,0,0,0,0,0,0,0,0,sdf,0,0,0,0,0,0,0,0,0,0,0,0,0,dm-0,0,0,0,0,0,0,0,0,0,0,0,0,0,dm-1,0,0,0,0,0,0,0,0,0,0,0,0,0,dm-2,0,0,0,0,494,0,505856,14,1024,11,14,1,64
20200422,50:04.0,sda,0,0,0,0,489,0,500480,12,1023,11,12,1,52,sdb,0,0,0,0,0,0,0,0,0,0,0,0,0,sdc,0,0,0,0,0,0,0,0,0,0,0,0,0,sdd,0,0,0,0,0,0,0,0,0,0,0,0,0,sde,0,0,0,0,0,0,0,0,0,0,0,0,0,sdf,0,0,0,0,0,0,0,0,0,0,0,0,0,dm-0,0,0,0,0,0,0,0,0,0,0,0,0,0,dm-1,0,0,0,0,0,0,0,0,0,0,0,0,0,dm-2,0,0,0,0,489,0,500992,14,1025,11,14,1,64
20200422,50:05.0,sda,0,0,0,0,494,0,505856,12,1024,11,12,1,52,sdb,0,0,0,0,0,0,0,0,0,0,0,0,0,sdc,0,0,0,0,0,0,0,0,0,0,0,0,0,sdd,0,0,0,0,0,0,0,0,0,0,0,0,0,sde,0,0,0,0,0,0,0,0,0,0,0,0,0,sdf,0,0,0,0,0,0,0,0,0,0,0,0,0,dm-0,0,0,0,0,0,0,0,0,0,0,0,0,0,dm-1,0,0,0,0,0,0,0,0,0,0,0,0,0,dm-2,0,0,0,0,494,0,505856,14,1024,11,14,1,65
20200422,50:06.0,sda,0,0,0,0,490,0,501760,12,1024,11,12,1,52,sdb,0,0,0,0,0,0,0,0,0,0,0,0,0,sdc,0,0,0,0,0,0,0,0,0,0,0,0,0,sdd,0,0,0,0,0,0,0,0,0,0,0,0,0,sde,0,0,0,0,0,0,0,0,0,0,0,0,0,sdf,0,0,0,0,0,0,0,0,0,0,0,0,0,dm-0,0,0,0,0,0,0,0,0,0,0,0,0,0,dm-1,0,0,0,0,0,0,0,0,0,0,0,0,0,dm-2,0,0,0,0,490,0,501760,14,1024,11,14,1,64
20200422,50:07.0,sda,0,0,0,0,494,0,505856,12,1024,11,12,1,52,sdb,0,0,0,0,0,0,0,0,0,0,0,0,0,sdc,0,0,0,0,0,0,0,0,0,0,0,0,0,sdd,0,0,0,0,0,0,0,0,0,0,0,0,0,sde,0,0,0,0,0,0,0,0,0,0,0,0,0,sdf,0,0,0,0,0,0,0,0,0,0,0,0,0,dm-0,0,0,0,0,0,0,0,0,0,0,0,0,0,dm-1,0,0,0,0,0,0,0,0,0,0,0,0,0,dm-2,0,0,0,0,494,0,505856,14,1024,11,14,1,65
20200422,50:08.0,sda,0,0,0,0,495,0,505856,12,1022,11,12,1,52,sdb,0,0,0,0,0,0,0,0,0,0,0,0,0,sdc,0,0,0,0,0,0,0,0,0,0,0,0,0,sdd,0,0,0,0,0,0,0,0,0,0,0,0,0,sde,0,0,0,0,0,0,0,0,0,0,0,0,0,sdf,0,0,0,0,0,0,0,0,0,0,0,0,0,dm-0,0,0,0,0,0,0,0,0,0,0,0,0,0,dm-1,0,0,0,0,0,0,0,0,0,0,0,0,0,dm-2,0,0,0,0,495,0,505856,14,1022,11,14,1,64
20200422,50:09.0,sda,0,0,0,0,489,0,500992,12,1025,11,12,1,52,sdb,0,0,0,0,0,0,0,0,0,0,0,0,0,sdc,0,0,0,0,0,0,0,0,0,0,0,0,0,sdd,0,0,0,0,0,0,0,0,0,0,0,0,0,sde,0,0,0,0,0,0,0,0,0,0,0,0,0,sdf,0,0,0,0,0,0,0,0,0,0,0,0,0,dm-0,0,0,0,0,0,0,0,0,0,0,0,0,0,dm-1,0,0,0,0,0,0,0,0,0,0,0,0,0,dm-2,0,0,0,0,489,0,500480,14,1023,11,14,1,64
20200422,50:10.0,sda,0,0,0,0,494,0,505856,12,1024,11,12,1,52,sdb,0,0,0,0,0,0,0,0,0,0,0,0,0,sdc,0,0,0,0,0,0,0,0,0,0,0,0,0,sdd,0,0,0,0,0,0,0,0,0,0,0,0,0,sde,0,0,0,0,0,0,0,0,0,0,0,0,0,sdf,0,0,0,0,0,0,0,0,0,0,0,0,0,dm-0,0,0,0,0,0,0,0,0,0,0,0,0,0,dm-1,0,0,0,0,0,0,0,0,0,0,0,0,0,dm-2,0,0,0,0,494,0,505856,14,1024,10,14,1,65
20200422,50:11.0,sda,0,0,0,0,492,0,503808,12,1024,11,12,1,52,sdb,0,0,0,0,0,0,0,0,0,0,0,0,0,sdc,0,0,0,0,0,0,0,0,0,0,0,0,0,sdd,0,0,0,0,0,0,0,0,0,0,0,0,0,sde,0,0,0,0,0,0,0,0,0,0,0,0,0,sdf,0,0,0,0,0,0,0,0,0,0,0,0,0,dm-0,0,0,0,0,0,0,0,0,0,0,0,0,0,dm-1,0,0,0,0,0,0,0,0,0,0,0,0,0,dm-2,0,0,0,0,492,0,503808,14,1024,11,14,1,64
20200422,50:12.0,sda,0,0,0,0,490,0,501760,12,1024,11,12,1,52,sdb,0,0,0,0,0,0,0,0,0,0,0,0,0,sdc,0,0,0,0,0,0,0,0,0,0,0,0,0,sdd,0,0,0,0,0,0,0,0,0,0,0,0,0,sde,0,0,0,0,0,0,0,0,0,0,0,0,0,sdf,0,0,0,0,0,0,0,0,0,0,0,0,0,dm-0,0,0,0,0,0,0,0,0,0,0,0,0,0,dm-1,0,0,0,0,0,0,0,0,0,0,0,0,0,dm-2,0,0,0,0,490,0,501760,14,1024,11,14,1,65
20200422,50:13.0,sda,0,0,0,0,494,0,505856,12,1024,11,12,1,52,sdb,0,0,0,0,0,0,0,0,0,0,0,0,0,sdc,0,0,0,0,0,0,0,0,0,0,0,0,0,sdd,0,0,0,0,0,0,0,0,0,0,0,0,0,sde,0,0,0,0,0,0,0,0,0,0,0,0,0,sdf,0,0,0,0,0,0,0,0,0,0,0,0,0,dm-0,0,0,0,0,0,0,0,0,0,0,0,0,0,dm-1,0,0,0,0,0,0,0,0,0,0,0,0,0,dm-2,0,0,0,0,494,0,505856,14,1024,11,14,1,65
20200422,50:14.0,sda,0,0,0,0,491,1,499740,12,1018,11,12,1,52,sdb,0,0,0,0,0,0,0,0,0,0,0,0,0,sdc,0,0,0,0,0,0,0,0,0,0,0,0,0,sdd,0,0,0,0,0,0,0,0,0,0,0,0,0,sde,0,0,0,0,0,0,0,0,0,0,0,0,0,sdf,0,0,0,0,0,0,0,0,0,0,0,0,0,dm-0,0,0,0,0,4,0,28,11,7,22,11,0,0,dm-1,0,0,0,0,0,0,0,0,0,0,0,0,0,dm-2,0,0,0,0,488,0,499712,14,1024,11,14,1,64
20200422,50:15.0,sda,0,0,0,0,494,0,505856,12,1024,11,12,1,52,sdb,0,0,0,0,0,0,0,0,0,0,0,0,0,sdc,0,0,0,0,0,0,0,0,0,0,0,0,0,sdd,0,0,0,0,0,0,0,0,0,0,0,0,0,sde,0,0,0,0,0,0,0,0,0,0,0,0,0,sdf,0,0,0,0,0,0,0,0,0,0,0,0,0,dm-0,0,0,0,0,0,0,0,0,0,0,0,0,0,dm-1,0,0,0,0,0,0,0,0,0,0,0,0,0,dm-2,0,0,0,0,494,0,505856,14,1024,11,14,1,64
20200422,50:16.0,sda,0,0,0,0,494,1,505856,12,1024,11,12,1,52,sdb,0,0,0,0,0,0,0,0,0,0,0,0,0,sdc,0,0,0,0,0,0,0,0,0,0,0,0,0,sdd,0,0,0,0,0,0,0,0,0,0,0,0,0,sde,0,0,0,0,0,0,0,0,0,0,0,0,0,sdf,0,0,0,0,0,0,0,0,0,0,0,0,0,dm-0,0,0,0,0,0,0,0,0,0,0,0,0,0,dm-1,0,0,0,0,0,0,0,0,0,0,0,0,0,dm-2,0,0,0,0,495,0,505856,14,1022,11,14,1,65
20200422,50:17.0,sda,0,0,0,0,489,0,500480,12,1023,11,12,1,52,sdb,0,0,0,0,0,0,0,0,0,0,0,0,0,sdc,0,0,0,0,0,0,0,0,0,0,0,0,0,sdd,0,0,0,0,0,0,0,0,0,0,0,0,0,sde,0,0,0,0,0,0,0,0,0,0,0,0,0,sdf,0,0,0,0,0,0,0,0,0,0,0,0,0,dm-0,0,0,0,0,0,0,0,0,0,0,0,0,0,dm-1,0,0,0,0,0,0,0,0,0,0,0,0,0,dm-2,0,0,0,0,489,0,500992,14,1025,11,14,1,64
20200422,50:18.0,sda,0,0,0,0,494,0,505856,12,1024,11,12,1,52,sdb,0,0,0,0,0,0,0,0,0,0,0,0,0,sdc,0,0,0,0,0,0,0,0,0,0,0,0,0,sdd,0,0,0,0,0,0,0,0,0,0,0,0,0,sde,0,0,0,0,0,0,0,0,0,0,0,0,0,sdf,0,0,0,0,0,0,0,0,0,0,0,0,0,dm-0,0,0,0,0,0,0,0,0,0,0,0,0,0,dm-1,0,0,0,0,0,0,0,0,0,0,0,0,0,dm-2,0,0,0,0,494,0,505856,14,1024,10,14,1,65
20200422,50:19.0,sda,0,0,0,0,491,0,503040,12,1025,11,12,1,52,sdb,0,0,0,0,0,0,0,0,0,0,0,0,0,sdc,0,0,0,0,0,0,0,0,0,0,0,0,0,sdd,0,0,0,0,0,0,0,0,0,0,0,0,0,sde,0,0,0,0,0,0,0,0,0,0,0,0,0,sdf,0,0,0,0,0,0,0,0,0,0,0,0,0,dm-0,0,0,0,0,0,0,0,0,0,0,0,0,0,dm-1,0,0,0,0,0,0,0,0,0,0,0,0,0,dm-2,0,0,0,0,491,0,502528,14,1023,11,14,1,64
20200422,50:20.0,sda,0,0,0,0,492,0,503808,12,1024,11,12,1,52,sdb,0,0,0,0,0,0,0,0,0,0,0,0,0,sdc,0,0,0,0,0,0,0,0,0,0,0,0,0,sdd,0,0,0,0,0,0,0,0,0,0,0,0,0,sde,0,0,0,0,0,0,0,0,0,0,0,0,0,sdf,0,0,0,0,0,0,0,0,0,0,0,0,0,dm-0,0,0,0,0,0,0,0,0,0,0,0,0,0,dm-1,0,0,0,0,0,0,0,0,0,0,0,0,0,dm-2,0,0,0,0,492,0,503808,14,1024,11,14,1,64
20200422,50:21.0,sda,0,0,0,0,498,1,504612,12,1013,11,12,1,52,sdb,0,0,0,0,0,0,0,0,0,0,0,0,0,sdc,0,0,0,0,0,0,0,0,0,0,0,0,0,sdd,0,0,0,0,0,0,0,0,0,0,0,0,0,sde,0,0,0,0,0,0,0,0,0,0,0,0,0,sdf,0,0,0,0,0,0,0,0,0,0,0,0,0,dm-0,0,0,0,0,0,0,0,0,0,0,0,0,0,dm-1,0,0,0,0,0,0,0,0,0,0,0,0,0,dm-2,0,0,0,0,499,0,505124,14,1012,11,14,1,64
20200422,50:22.0,sda,0,0,0,0,488,0,499712,12,1024,11,12,1,52,sdb,0,0,0,0,0,0,0,0,0,0,0,0,0,sdc,0,0,0,0,0,0,0,0,0,0,0,0,0,sdd,0,0,0,0,0,0,0,0,0,0,0,0,0,sde,0,0,0,0,0,0,0,0,0,0,0,0,0,sdf,0,0,0,0,0,0,0,0,0,0,0,0,0,dm-0,0,0,0,0,0,0,0,0,0,0,0,0,0,dm-1,0,0,0,0,0,0,0,0,0,0,0,0,0,dm-2,0,0,0,0,488,0,499712,14,1024,11,14,1,65
20200422,50:23.0,sda,0,0,0,0,494,0,505856,12,1024,11,12,1,52,sdb,0,0,0,0,0,0,0,0,0,0,0,0,0,sdc,0,0,0,0,0,0,0,0,0,0,0,0,0,sdd,0,0,0,0,0,0,0,0,0,0,0,0,0,sde,0,0,0,0,0,0,0,0,0,0,0,0,0,sdf,0,0,0,0,0,0,0,0,0,0,0,0,0,dm-0,0,0,0,0,0,0,0,0,0,0,0,0,0,dm-1,0,0,0,0,0,0,0,0,0,0,0,0,0,dm-2,0,0,0,0,494,0,505856,14,1024,11,14,1,65
20200422,50:24.0,sda,0,0,0,0,494,0,505856,12,1024,11,12,1,52,sdb,0,0,0,0,0,0,0,0,0,0,0,0,0,sdc,0,0,0,0,0,0,0,0,0,0,0,0,0,sdd,0,0,0,0,0,0,0,0,0,0,0,0,0,sde,0,0,0,0,0,0,0,0,0,0,0,0,0,sdf,0,0,0,0,0,0,0,0,0,0,0,0,0,dm-0,0,0,0,0,0,0,0,0,0,0,0,0,0,dm-1,0,0,0,0,0,0,0,0,0,0,0,0,0,dm-2,0,0,0,0,494,0,505856,14,1024,10,14,1,65
20200422,50:25.0,sda,0,0,0,0,489,0,500992,12,1025,11,12,1,52,sdb,0,0,0,0,0,0,0,0,0,0,0,0,0,sdc,0,0,0,0,0,0,0,0,0,0,0,0,0,sdd,0,0,0,0,0,0,0,0,0,0,0,0,0,sde,0,0,0,0,0,0,0,0,0,0,0,0,0,sdf,0,0,0,0,0,0,0,0,0,0,0,0,0,dm-0,0,0,0,0,0,0,0,0,0,0,0,0,0,dm-1,0,0,0,0,0,0,0,0,0,0,0,0,0,dm-2,0,0,0,0,489,0,500480,14,1023,11,14,1,64
20200422,50:26.0,sda,0,0,0,0,494,0,505856,12,1024,11,12,1,52,sdb,0,0,0,0,0,0,0,0,0,0,0,0,0,sdc,0,0,0,0,0,0,0,0,0,0,0,0,0,sdd,0,0,0,0,0,0,0,0,0,0,0,0,0,sde,0,0,0,0,0,0,0,0,0,0,0,0,0,sdf,0,0,0,0,0,0,0,0,0,0,0,0,0,dm-0,0,0,0,0,0,0,0,0,0,0,0,0,0,dm-1,0,0,0,0,0,0,0,0,0,0,0,0,0,dm-2,0,0,0,0,494,0,505856,14,1024,11,14,1,65
20200422,50:27.0,sda,0,0,0,0,490,0,501760,12,1024,11,12,1,52,sdb,0,0,0,0,0,0,0,0,0,0,0,0,0,sdc,0,0,0,0,0,0,0,0,0,0,0,0,0,sdd,0,0,0,0,0,0,0,0,0,0,0,0,0,sde,0,0,0,0,0,0,0,0,0,0,0,0,0,sdf,0,0,0,0,0,0,0,0,0,0,0,0,0,dm-0,0,0,0,0,0,0,0,0,0,0,0,0,0,dm-1,0,0,0,0,0,0,0,0,0,0,0,0,0,dm-2,0,0,0,0,490,0,501760,14,1024,10,14,1,66
20200422,50:28.0,sda,0,0,0,0,493,0,504576,12,1023,11,12,1,52,sdb,0,0,0,0,0,0,0,0,0,0,0,0,0,sdc,0,0,0,0,0,0,0,0,0,0,0,0,0,sdd,0,0,0,0,0,0,0,0,0,0,0,0,0,sde,0,0,0,0,0,0,0,0,0,0,0,0,0,sdf,0,0,0,0,0,0,0,0,0,0,0,0,0,dm-0,0,0,0,0,0,0,0,0,0,0,0,0,0,dm-1,0,0,0,0,0,0,0,0,0,0,0,0,0,dm-2,0,0,0,0,494,0,505856,14,1024,11,14,1,65
20200422,50:29.0,sda,0,0,0,0,494,0,505856,12,1024,11,12,1,53,sdb,0,0,0,0,0,0,0,0,0,0,0,0,0,sdc,0,0,0,0,0,0,0,0,0,0,0,0,0,sdd,0,0,0,0,0,0,0,0,0,0,0,0,0,sde,0,0,0,0,0,0,0,0,0,0,0,0,0,sdf,0,0,0,0,0,0,0,0,0,0,0,0,0,dm-0,0,0,0,0,0,0,0,0,0,0,0,0,0,dm-1,0,0,0,0,0,0,0,0,0,0,0,0,0,dm-2,0,0,0,0,494,0,505856,14,1024,10,14,1,66
20200422,50:30.0,sda,0,0,0,0,88,0,89588,12,1018,12,12,1,9,sdb,0,0,0,0,0,0,0,0,0,0,0,0,0,sdc,0,0,0,0,0,0,0,0,0,0,0,0,0,sdd,0,0,0,0,0,0,0,0,0,0,0,0,0,sde,0,0,0,0,0,0,0,0,0,0,0,0,0,sdf,0,0,0,0,0,0,0,0,0,0,0,0,0,dm-0,0,0,0,0,0,0,0,0,0,0,0,0,0,dm-1,0,0,0,0,0,0,0,0,0,0,0,0,0,dm-2,0,0,0,0,80,0,81396,15,1017,11,15,1,11
20200422,50:31.0,sda,0,0,0,0,0,0,0,0,0,0,0,0,0,sdb,0,0,0,0,0,0,0,0,0,0,0,0,0,sdc,0,0,0,0,0,0,0,0,0,0,0,0,0,sdd,0,0,0,0,0,0,0,0,0,0,0,0,0,sde,0,0,0,0,0,0,0,0,0,0,0,0,0,sdf,0,0,0,0,0,0,0,0,0,0,0,0,0,dm-0,0,0,0,0,0,0,0,0,0,0,0,0,0,dm-1,0,0,0,0,0,0,0,0,0,0,0,0,0,dm-2,0,0,0,0,0,0,0,0,0,0,0,0,0
20200422,50:32.0,sda,0,0,0,0,0,0,0,0,0,0,0,0,0,sdb,0,0,0,0,0,0,0,0,0,0,0,0,0,sdc,0,0,0,0,0,0,0,0,0,0,0,0,0,sdd,0,0,0,0,0,0,0,0,0,0,0,0,0,sde,0,0,0,0,0,0,0,0,0,0,0,0,0,sdf,0,0,0,0,0,0,0,0,0,0,0,0,0,dm-0,0,0,0,0,0,0,0,0,0,0,0,0,0,dm-1,0,0,0,0,0,0,0,0,0,0,0,0,0,dm-2,0,0,0,0,0,0,0,0,0,0,0,0,0
20200422,50:33.0,sda,0,0,0,0,0,0,0,0,0,0,0,0,0,sdb,0,0,0,0,0,0,0,0,0,0,0,0,0,sdc,0,0,0,0,0,0,0,0,0,0,0,0,0,sdd,0,0,0,0,0,0,0,0,0,0,0,0,0,sde,0,0,0,0,0,0,0,0,0,0,0,0,0,sdf,0,0,0,0,0,0,0,0,0,0,0,0,0,dm-0,0,0,0,0,0,0,0,0,0,0,0,0,0,dm-1,0,0,0,0,0,0,0,0,0,0,0,0,0,dm-2,0,0,0,0,0,0,0,0,0,0,0,0,0
20200422,50:34.0,sda,0,0,0,0,0,0,0,0,0,0,0,0,0,sdb,0,0,0,0,0,0,0,0,0,0,0,0,0,sdc,0,0,0,0,0,0,0,0,0,0,0,0,0,sdd,0,0,0,0,0,0,0,0,0,0,0,0,0,sde,0,0,0,0,0,0,0,0,0,0,0,0,0,sdf,0,0,0,0,0,0,0,0,0,0,0,0,0,dm-0,0,0,0,0,0,0,0,0,0,0,0,0,0,dm-1,0,0,0,0,0,0,0,0,0,0,0,0,0,dm-2,0,0,0,0,0,0,0,0,0,0,0,0,0
20200422,50:35.0,sda,0,0,0,0,0,0,0,0,0,0,0,0,0,sdb,0,0,0,0,0,0,0,0,0,0,0,0,0,sdc,0,0,0,0,0,0,0,0,0,0,0,0,0,sdd,0,0,0,0,0,0,0,0,0,0,0,0,0,sde,0,0,0,0,0,0,0,0,0,0,0,0,0,sdf,0,0,0,0,0,0,0,0,0,0,0,0,0,dm-0,0,0,0,0,0,0,0,0,0,0,0,0,0,dm-1,0,0,0,0,0,0,0,0,0,0,0,0,0,dm-2,0,0,0,0,0,0,0,0,0,0,0,0,0
20200422,50:36.0,sda,0,0,0,0,0,0,0,0,0,0,0,0,0,sdb,0,0,0,0,0,0,0,0,0,0,0,0,0,sdc,0,0,0,0,0,0,0,0,0,0,0,0,0,sdd,0,0,0,0,0,0,0,0,0,0,0,0,0,sde,0,0,0,0,0,0,0,0,0,0,0,0,0,sdf,0,0,0,0,0,0,0,0,0,0,0,0,0,dm-0,0,0,0,0,0,0,0,0,0,0,0,0,0,dm-1,0,0,0,0,0,0,0,0,0,0,0,0,0,dm-2,0,0,0,0,0,0,0,0,0,0,0,0,0
20200422,50:37.0,sda,0,0,0,0,0,0,0,0,0,0,0,0,0,sdb,0,0,0,0,0,0,0,0,0,0,0,0,0,sdc,0,0,0,0,0,0,0,0,0,0,0,0,0,sdd,0,0,0,0,0,0,0,0,0,0,0,0,0,sde,0,0,0,0,0,0,0,0,0,0,0,0,0,sdf,0,0,0,0,0,0,0,0,0,0,0,0,0,dm-0,0,0,0,0,0,0,0,0,0,0,0,0,0,dm-1,0,0,0,0,0,0,0,0,0,0,0,0,0,dm-2,0,0,0,0,0,0,0,0,0,0,0,0,0
20200422,50:38.0,sda,0,0,0,0,0,0,0,0,0,0,0,0,0,sdb,0,0,0,0,0,0,0,0,0,0,0,0,0,sdc,0,0,0,0,0,0,0,0,0,0,0,0,0,sdd,0,0,0,0,0,0,0,0,0,0,0,0,0,sde,0,0,0,0,0,0,0,0,0,0,0,0,0,sdf,0,0,0,0,0,0,0,0,0,0,0,0,0,dm-0,0,0,0,0,0,0,0,0,0,0,0,0,0,dm-1,0,0,0,0,0,0,0,0,0,0,0,0,0,dm-2,0,0,0,0,0,0,0,0,0,0,0,0,0
20200422,50:39.0,sda,0,0,0,0,0,0,0,0,0,0,0,0,0,sdb,0,0,0,0,0,0,0,0,0,0,0,0,0,sdc,0,0,0,0,0,0,0,0,0,0,0,0,0,sdd,0,0,0,0,0,0,0,0,0,0,0,0,0,sde,0,0,0,0,0,0,0,0,0,0,0,0,0,sdf,0,0,0,0,0,0,0,0,0,0,0,0,0,dm-0,0,0,0,0,0,0,0,0,0,0,0,0,0,dm-1,0,0,0,0,0,0,0,0,0,0,0,0,0,dm-2,0,0,0,0,0,0,0,0,0,0,0,0,0
20200422,50:40.0,sda,0,0,0,0,0,0,0,0,0,0,0,0,0,sdb,0,0,0,0,0,0,0,0,0,0,0,0,0,sdc,0,0,0,0,0,0,0,0,0,0,0,0,0,sdd,0,0,0,0,0,0,0,0,0,0,0,0,0,sde,0,0,0,0,0,0,0,0,0,0,0,0,0,sdf,0,0,0,0,0,0,0,0,0,0,0,0,0,dm-0,0,0,0,0,0,0,0,0,0,0,0,0,0,dm-1,0,0,0,0,0,0,0,0,0,0,0,0,0,dm-2,0,0,0,0,0,0,0,0,0,0,0,0,0
20200422,50:41.0,sda,0,0,0,0,0,0,0,0,0,0,0,0,0,sdb,0,0,0,0,0,0,0,0,0,0,0,0,0,sdc,0,0,0,0,0,0,0,0,0,0,0,0,0,sdd,0,0,0,0,0,0,0,0,0,0,0,0,0,sde,0,0,0,0,0,0,0,0,0,0,0,0,0,sdf,0,0,0,0,0,0,0,0,0,0,0,0,0,dm-0,0,0,0,0,0,0,0,0,0,0,0,0,0,dm-1,0,0,0,0,0,0,0,0,0,0,0,0,0,dm-2,0,0,0,0,0,0,0,0,0,0,0,0,0
20200422,50:42.0,sda,0,0,0,0,0,0,0,0,0,0,0,0,0,sdb,0,0,0,0,0,0,0,0,0,0,0,0,0,sdc,0,0,0,0,0,0,0,0,0,0,0,0,0,sdd,0,0,0,0,0,0,0,0,0,0,0,0,0,sde,0,0,0,0,0,0,0,0,0,0,0,0,0,sdf,0,0,0,0,0,0,0,0,0,0,0,0,0,dm-0,0,0,0,0,0,0,0,0,0,0,0,0,0,dm-1,0,0,0,0,0,0,0,0,0,0,0,0,0,dm-2,0,0,0,0,0,0,0,0,0,0,0,0,0
20200422,50:43.0,sda,0,0,0,0,0,0,0,0,0,0,0,0,0,sdb,0,0,0,0,0,0,0,0,0,0,0,0,0,sdc,0,0,0,0,0,0,0,0,0,0,0,0,0,sdd,0,0,0,0,0,0,0,0,0,0,0,0,0,sde,0,0,0,0,0,0,0,0,0,0,0,0,0,sdf,0,0,0,0,0,0,0,0,0,0,0,0,0,dm-0,0,0,0,0,0,0,0,0,0,0,0,0,0,dm-1,0,0,0,0,0,0,0,0,0,0,0,0,0,dm-2,0,0,0,0,0,0,0,0,0,0,0,0,0
20200422,50:44.0,sda,0,0,0,0,2,0,8,0,4,0,0,0,0,sdb,0,0,0,0,0,0,0,0,0,0,0,0,0,sdc,0,0,0,0,0,0,0,0,0,0,0,0,0,sdd,0,0,0,0,0,0,0,0,0,0,0,0,0,sde,0,0,0,0,0,0,0,0,0,0,0,0,0,sdf,0,0,0,0,0,0,0,0,0,0,0,0,0,dm-0,0,0,0,0,2,0,8,0,4,0,0,0,0,dm-1,0,0,0,0,0,0,0,0,0,0,0,0,0,dm-2,0,0,0,0,0,0,0,0,0,0,0,0,0
20200422,50:45.0,sda,0,0,0,0,0,0,0,0,0,0,0,0,0,sdb,0,0,0,0,0,0,0,0,0,0,0,0,0,sdc,0,0,0,0,0,0,0,0,0,0,0,0,0,sdd,0,0,0,0,0,0,0,0,0,0,0,0,0,sde,0,0,0,0,0,0,0,0,0,0,0,0,0,sdf,0,0,0,0,0,0,0,0,0,0,0,0,0,dm-0,0,0,0,0,0,0,0,0,0,0,0,0,0,dm-1,0,0,0,0,0,0,0,0,0,0,0,0,0,dm-2,0,0,0,0,0,0,0,0,0,0,0,0,0
20200422,50:46.0,sda,0,0,0,0,0,0,0,0,0,0,0,0,0,sdb,0,0,0,0,0,0,0,0,0,0,0,0,0,sdc,0,0,0,0,0,0,0,0,0,0,0,0,0,sdd,0,0,0,0,0,0,0,0,0,0,0,0,0,sde,0,0,0,0,0,0,0,0,0,0,0,0,0,sdf,0,0,0,0,0,0,0,0,0,0,0,0,0,dm-0,0,0,0,0,0,0,0,0,0,0,0,0,0,dm-1,0,0,0,0,0,0,0,0,0,0,0,0,0,dm-2,0,0,0,0,0,0,0,0,0,0,0,0,0
20200422,50:47.0,sda,0,0,0,0,0,0,0,0,0,0,0,0,0,sdb,0,0,0,0,0,0,0,0,0,0,0,0,0,sdc,0,0,0,0,0,0,0,0,0,0,0,0,0,sdd,0,0,0,0,0,0,0,0,0,0,0,0,0,sde,0,0,0,0,0,0,0,0,0,0,0,0,0,sdf,0,0,0,0,0,0,0,0,0,0,0,0,0,dm-0,0,0,0,0,0,0,0,0,0,0,0,0,0,dm-1,0,0,0,0,0,0,0,0,0,0,0,0,0,dm-2,0,0,0,0,0,0,0,0,0,0,0,0,0
20200422,50:48.0,sda,0,0,0,0,0,0,0,0,0,0,0,0,0,sdb,0,0,0,0,0,0,0,0,0,0,0,0,0,sdc,0,0,0,0,0,0,0,0,0,0,0,0,0,sdd,0,0,0,0,0,0,0,0,0,0,0,0,0,sde,0,0,0,0,0,0,0,0,0,0,0,0,0,sdf,0,0,0,0,0,0,0,0,0,0,0,0,0,dm-0,0,0,0,0,0,0,0,0,0,0,0,0,0,dm-1,0,0,0,0,0,0,0,0,0,0,0,0,0,dm-2,0,0,0,0,0,0,0,0,0,0,0,0,0
20200422,50:49.0,sda,0,0,0,0,0,0,0,0,0,0,0,0,0,sdb,0,0,0,0,0,0,0,0,0,0,0,0,0,sdc,0,0,0,0,0,0,0,0,0,0,0,0,0,sdd,0,0,0,0,0,0,0,0,0,0,0,0,0,sde,0,0,0,0,0,0,0,0,0,0,0,0,0,sdf,0,0,0,0,0,0,0,0,0,0,0,0,0,dm-0,0,0,0,0,0,0,0,0,0,0,0,0,0,dm-1,0,0,0,0,0,0,0,0,0,0,0,0,0,dm-2,0,0,0,0,0,0,0,0,0,0,0,0,0
20200422,50:50.0,sda,0,0,0,0,0,0,0,0,0,0,0,0,0,sdb,0,0,0,0,0,0,0,0,0,0,0,0,0,sdc,0,0,0,0,0,0,0,0,0,0,0,0,0,sdd,0,0,0,0,0,0,0,0,0,0,0,0,0,sde,0,0,0,0,0,0,0,0,0,0,0,0,0,sdf,0,0,0,0,0,0,0,0,0,0,0,0,0,dm-0,0,0,0,0,0,0,0,0,0,0,0,0,0,dm-1,0,0,0,0,0,0,0,0,0,0,0,0,0,dm-2,0,0,0,0,0,0,0,0,0,0,0,0,0
20200422,50:51.0,sda,0,0,0,0,3,1,16,0,5,0,0,0,0,sdb,0,0,0,0,0,0,0,0,0,0,0,0,0,sdc,0,0,0,0,0,0,0,0,0,0,0,0,0,sdd,0,0,0,0,0,0,0,0,0,0,0,0,0,sde,0,0,0,0,0,0,0,0,0,0,0,0,0,sdf,0,0,0,0,0,0,0,0,0,0,0,0,0,dm-0,0,0,0,0,0,0,0,0,0,0,0,0,0,dm-1,0,0,0,0,0,0,0,0,0,0,0,0,0,dm-2,0,0,0,0,4,0,16,0,4,0,0,0,0
20200422,50:52.0,sda,0,0,0,0,0,0,0,0,0,0,0,0,0,sdb,0,0,0,0,0,0,0,0,0,0,0,0,0,sdc,0,0,0,0,0,0,0,0,0,0,0,0,0,sdd,0,0,0,0,0,0,0,0,0,0,0,0,0,sde,0,0,0,0,0,0,0,0,0,0,0,0,0,sdf,0,0,0,0,0,0,0,0,0,0,0,0,0,dm-0,0,0,0,0,0,0,0,0,0,0,0,0,0,dm-1,0,0,0,0,0,0,0,0,0,0,0,0,0,dm-2,0,0,0,0,0,0,0,0,0,0,0,0,0
20200422,50:53.0,sda,0,0,0,0,0,0,0,0,0,0,0,0,0,sdb,0,0,0,0,0,0,0,0,0,0,0,0,0,sdc,0,0,0,0,0,0,0,0,0,0,0,0,0,sdd,0,0,0,0,0,0,0,0,0,0,0,0,0,sde,0,0,0,0,0,0,0,0,0,0,0,0,0,sdf,0,0,0,0,0,0,0,0,0,0,0,0,0,dm-0,0,0,0,0,0,0,0,0,0,0,0,0,0,dm-1,0,0,0,0,0,0,0,0,0,0,0,0,0,dm-2,0,0,0,0,0,0,0,0,0,0,0,0,0
20200422,50:54.0,sda,0,0,0,0,0,0,0,0,0,0,0,0,0,sdb,0,0,0,0,0,0,0,0,0,0,0,0,0,sdc,0,0,0,0,0,0,0,0,0,0,0,0,0,sdd,0,0,0,0,0,0,0,0,0,0,0,0,0,sde,0,0,0,0,0,0,0,0,0,0,0,0,0,sdf,0,0,0,0,0,0,0,0,0,0,0,0,0,dm-0,0,0,0,0,0,0,0,0,0,0,0,0,0,dm-1,0,0,0,0,0,0,0,0,0,0,0,0,0,dm-2,0,0,0,0,0,0,0,0,0,0,0,0,0
20200422,50:55.0,sda,0,0,0,0,41,0,43008,8,1049,7,8,1,5,sdb,0,0,0,0,0,0,0,0,0,0,0,0,0,sdc,0,0,0,0,0,0,0,0,0,0,0,0,0,sdd,0,0,0,0,0,0,0,0,0,0,0,0,0,sde,0,0,0,0,0,0,0,0,0,0,0,0,0,sdf,0,0,0,0,0,0,0,0,0,0,0,0,0,dm-0,0,0,0,0,0,0,0,0,0,0,0,0,0,dm-1,0,0,0,0,0,0,0,0,0,0,0,0,0,dm-2,0,0,0,0,46,0,47104,9,1024,7,9,1,6
20200422,50:56.0,sda,1,0,16,41,491,0,499720,12,1016,11,12,1,51,sdb,0,0,0,0,0,0,0,0,0,0,0,0,0,sdc,0,0,0,0,0,0,0,0,0,0,0,0,0,sdd,0,0,0,0,0,0,0,0,0,0,0,0,0,sde,0,0,0,0,0,0,0,0,0,0,0,0,0,sdf,0,0,0,0,0,0,0,0,0,0,0,0,0,dm-0,1,0,16,40,2,0,8,20,8,20,27,1,0,dm-1,0,0,0,0,0,0,0,0,0,0,0,0,0,dm-2,0,0,0,0,489,0,500992,14,1025,10,14,1,64
20200422,50:57.0,sda,0,0,0,0,494,0,505856,12,1024,11,12,1,52,sdb,0,0,0,0,0,0,0,0,0,0,0,0,0,sdc,0,0,0,0,0,0,0,0,0,0,0,0,0,sdd,0,0,0,0,0,0,0,0,0,0,0,0,0,sde,0,0,0,0,0,0,0,0,0,0,0,0,0,sdf,0,0,0,0,0,0,0,0,0,0,0,0,0,dm-0,0,0,0,0,0,0,0,0,0,0,0,0,0,dm-1,0,0,0,0,0,0,0,0,0,0,0,0,0,dm-2,0,0,0,0,496,0,507904,14,1024,10,14,1,65
20200422,50:58.0,sda,0,0,0,0,488,0,499712,12,1024,11,12,1,52,sdb,0,0,0,0,0,0,0,0,0,0,0,0,0,sdc,0,0,0,0,0,0,0,0,0,0,0,0,0,sdd,0,0,0,0,0,0,0,0,0,0,0,0,0,sde,0,0,0,0,0,0,0,0,0,0,0,0,0,sdf,0,0,0,0,0,0,0,0,0,0,0,0,0,dm-0,0,0,0,0,0,0,0,0,0,0,0,0,0,dm-1,0,0,0,0,0,0,0,0,0,0,0,0,0,dm-2,0,0,0,0,488,0,499712,14,1024,11,14,1,64
20200422,50:59.0,sda,0,0,0,0,494,0,505856,12,1024,11,12,1,52,sdb,0,0,0,0,0,0,0,0,0,0,0,0,0,sdc,0,0,0,0,0,0,0,0,0,0,0,0,0,sdd,0,0,0,0,0,0,0,0,0,0,0,0,0,sde,0,0,0,0,0,0,0,0,0,0,0,0,0,sdf,0,0,0,0,0,0,0,0,0,0,0,0,0,dm-0,0,0,0,0,0,0,0,0,0,0,0,0,0,dm-1,0,0,0,0,0,0,0,0,0,0,0,0,0,dm-2,0,0,0,0,494,0,505856,14,1024,11,14,1,64
20200422,51:00.0,sda,0,0,0,0,495,0,507136,12,1025,11,12,1,52,sdb,0,0,0,0,0,0,0,0,0,0,0,0,0,sdc,0,0,0,0,0,0,0,0,0,0,0,0,0,sdd,0,0,0,0,0,0,0,0,0,0,0,0,0,sde,0,0,0,0,0,0,0,0,0,0,0,0,0,sdf,0,0,0,0,0,0,0,0,0,0,0,0,0,dm-0,0,0,0,0,0,0,0,0,0,0,0,0,0,dm-1,0,0,0,0,0,0,0,0,0,0,0,0,0,dm-2,0,0,0,0,495,0,506624,14,1023,10,14,1,65
20200422,51:01.0,sda,0,0,0,0,489,0,500480,12,1023,11,12,1,51,sdb,0,0,0,0,0,0,0,0,0,0,0,0,0,sdc,0,0,0,0,0,0,0,0,0,0,0,0,0,sdd,0,0,0,0,0,0,0,0,0,0,0,0,0,sde,0,0,0,0,0,0,0,0,0,0,0,0,0,sdf,0,0,0,0,0,0,0,0,0,0,0,0,0,dm-0,0,0,0,0,0,0,0,0,0,0,0,0,0,dm-1,0,0,0,0,0,0,0,0,0,0,0,0,0,dm-2,0,0,0,0,489,0,500992,14,1025,11,14,1,64
20200422,51:02.0,sda,0,0,0,0,494,0,505856,12,1024,11,12,1,52,sdb,0,0,0,0,0,0,0,0,0,0,0,0,0,sdc,0,0,0,0,0,0,0,0,0,0,0,0,0,sdd,0,0,0,0,0,0,0,0,0,0,0,0,0,sde,0,0,0,0,0,0,0,0,0,0,0,0,0,sdf,0,0,0,0,0,0,0,0,0,0,0,0,0,dm-0,0,0,0,0,0,0,0,0,0,0,0,0,0,dm-1,0,0,0,0,0,0,0,0,0,0,0,0,0,dm-2,0,0,0,0,494,0,505856,14,1024,10,14,1,66
20200422,51:03.0,sda,0,0,0,0,492,0,503808,12,1024,11,12,1,52,sdb,0,0,0,0,0,0,0,0,0,0,0,0,0,sdc,0,0,0,0,0,0,0,0,0,0,0,0,0,sdd,0,0,0,0,0,0,0,0,0,0,0,0,0,sde,0,0,0,0,0,0,0,0,0,0,0,0,0,sdf,0,0,0,0,0,0,0,0,0,0,0,0,0,dm-0,0,0,0,0,0,0,0,0,0,0,0,0,0,dm-1,0,0,0,0,0,0,0,0,0,0,0,0,0,dm-2,0,0,0,0,492,0,503808,14,1024,11,14,1,65
20200422,51:04.0,sda,0,0,0,0,490,0,501760,12,1024,11,12,1,52,sdb,0,0,0,0,0,0,0,0,0,0,0,0,0,sdc,0,0,0,0,0,0,0,0,0,0,0,0,0,sdd,0,0,0,0,0,0,0,0,0,0,0,0,0,sde,0,0,0,0,0,0,0,0,0,0,0,0,0,sdf,0,0,0,0,0,0,0,0,0,0,0,0,0,dm-0,0,0,0,0,0,0,0,0,0,0,0,0,0,dm-1,0,0,0,0,0,0,0,0,0,0,0,0,0,dm-2,0,0,0,0,490,0,501760,14,1024,11,14,1,64
20200422,51:05.0,sda,0,0,0,0,494,0,505856,12,1024,11,12,1,52,sdb,0,0,0,0,0,0,0,0,0,0,0,0,0,sdc,0,0,0,0,0,0,0,0,0,0,0,0,0,sdd,0,0,0,0,0,0,0,0,0,0,0,0,0,sde,0,0,0,0,0,0,0,0,0,0,0,0,0,sdf,0,0,0,0,0,0,0,0,0,0,0,0,0,dm-0,0,0,0,0,0,0,0,0,0,0,0,0,0,dm-1,0,0,0,0,0,0,0,0,0,0,0,0,0,dm-2,0,0,0,0,494,0,505856,14,1024,10,14,1,65
20200422,51:06.0,sda,0,0,0,0,489,0,500992,12,1025,11,12,1,52,sdb,0,0,0,0,0,0,0,0,0,0,0,0,0,sdc,0,0,0,0,0,0,0,0,0,0,0,0,0,sdd,0,0,0,0,0,0,0,0,0,0,0,0,0,sde,0,0,0,0,0,0,0,0,0,0,0,0,0,sdf,0,0,0,0,0,0,0,0,0,0,0,0,0,dm-0,0,0,0,0,0,0,0,0,0,0,0,0,0,dm-1,0,0,0,0,0,0,0,0,0,0,0,0,0,dm-2,0,0,0,0,489,0,500480,14,1023,11,14,1,65
20200422,51:07.0,sda,0,0,0,0,494,0,505856,12,1024,11,12,1,52,sdb,0,0,0,0,0,0,0,0,0,0,0,0,0,sdc,0,0,0,0,0,0,0,0,0,0,0,0,0,sdd,0,0,0,0,0,0,0,0,0,0,0,0,0,sde,0,0,0,0,0,0,0,0,0,0,0,0,0,sdf,0,0,0,0,0,0,0,0,0,0,0,0,0,dm-0,0,0,0,0,0,0,0,0,0,0,0,0,0,dm-1,0,0,0,0,0,0,0,0,0,0,0,0,0,dm-2,0,0,0,0,494,0,505856,14,1024,10,14,1,65
20200422,51:08.0,sda,0,0,0,0,494,0,505856,12,1024,11,12,1,52,sdb,0,0,0,0,0,0,0,0,0,0,0,0,0,sdc,0,0,0,0,0,0,0,0,0,0,0,0,0,sdd,0,0,0,0,0,0,0,0,0,0,0,0,0,sde,0,0,0,0,0,0,0,0,0,0,0,0,0,sdf,0,0,0,0,0,0,0,0,0,0,0,0,0,dm-0,0,0,0,0,0,0,0,0,0,0,0,0,0,dm-1,0,0,0,0,0,0,0,0,0,0,0,0,0,dm-2,0,0,0,0,494,0,505856,14,1024,11,14,1,65
20200422,51:09.0,sda,0,0,0,0,489,0,500480,12,1023,11,12,1,52,sdb,0,0,0,0,0,0,0,0,0,0,0,0,0,sdc,0,0,0,0,0,0,0,0,0,0,0,0,0,sdd,0,0,0,0,0,0,0,0,0,0,0,0,0,sde,0,0,0,0,0,0,0,0,0,0,0,0,0,sdf,0,0,0,0,0,0,0,0,0,0,0,0,0,dm-0,0,0,0,0,0,0,0,0,0,0,0,0,0,dm-1,0,0,0,0,0,0,0,0,0,0,0,0,0,dm-2,0,0,0,0,489,0,500992,14,1025,11,14,1,64
20200422,51:10.0,sda,0,0,0,0,494,0,505856,12,1024,11,12,1,52,sdb,0,0,0,0,0,0,0,0,0,0,0,0,0,sdc,0,0,0,0,0,0,0,0,0,0,0,0,0,sdd,0,0,0,0,0,0,0,0,0,0,0,0,0,sde,0,0,0,0,0,0,0,0,0,0,0,0,0,sdf,0,0,0,0,0,0,0,0,0,0,0,0,0,dm-0,0,0,0,0,0,0,0,0,0,0,0,0,0,dm-1,0,0,0,0,0,0,0,0,0,0,0,0,0,dm-2,0,0,0,0,494,0,505856,14,1024,11,14,1,64
20200422,51:11.0,sda,2,0,32,17,489,0,500992,11,1020,10,11,1,52,sdb,0,0,0,0,0,0,0,0,0,0,0,0,0,sdc,0,0,0,0,0,0,0,0,0,0,0,0,0,sdd,0,0,0,0,0,0,0,0,0,0,0,0,0,sde,0,0,0,0,0,0,0,0,0,0,0,0,0,sdf,0,0,0,0,0,0,0,0,0,0,0,0,0,dm-0,2,0,32,17,0,0,0,0,16,11,17,2,0,dm-1,0,0,0,0,0,0,0,0,0,0,0,0,0,dm-2,0,0,0,0,489,0,500480,13,1023,10,13,1,64